-- phpMyAdmin SQL Dump
-- version 4.7.4
-- https://www.phpmyadmin.net/
--
-- Servidor: 127.0.0.1
-- Tiempo de generación: 29-09-2019 a las 02:54:17
-- Versión del servidor: 10.1.30-MariaDB
-- Versión de PHP: 7.1.28

SET SQL_MODE = "NO_AUTO_VALUE_ON_ZERO";
SET AUTOCOMMIT = 0;
START TRANSACTION;
SET time_zone = "+00:00";


/*!40101 SET @OLD_CHARACTER_SET_CLIENT=@@CHARACTER_SET_CLIENT */;
/*!40101 SET @OLD_CHARACTER_SET_RESULTS=@@CHARACTER_SET_RESULTS */;
/*!40101 SET @OLD_COLLATION_CONNECTION=@@COLLATION_CONNECTION */;
/*!40101 SET NAMES utf8mb4 */;

--
-- Base de datos: `saoisoft`
--

-- --------------------------------------------------------

--
-- Estructura de tabla para la tabla `actividades`
--

CREATE TABLE `actividades` (
  `id` int(11) NOT NULL,
  `nombre` varchar(255) DEFAULT NULL,
  `descripcion` longtext,
  `tipo` int(11) DEFAULT NULL,
  `adjunto` varchar(255) DEFAULT NULL,
  `cursos` int(11) DEFAULT NULL,
  `fecha_fin` date NOT NULL
) ENGINE=InnoDB DEFAULT CHARSET=latin1;

--
-- Volcado de datos para la tabla `actividades`
--

INSERT INTO `actividades` (`id`, `nombre`, `descripcion`, `tipo`, `adjunto`, `cursos`, `fecha_fin`) VALUES
(1, 'Nueva actividad2', 'Nueva actividad2', 1, '', 1, '2019-09-22'),
(2, 'Actividad 1', 'Actividad 1', 1, '', 2, '2019-09-25'),
(3, 'Actividad sin envio por plataforma', 'Actividad sin envio por plataforma', 2, '', 3, '2019-09-27');

-- --------------------------------------------------------

--
-- Estructura de tabla para la tabla `answer`
--

CREATE TABLE `answer` (
  `id` int(11) NOT NULL,
  `respuesta` varchar(1000) DEFAULT NULL,
  `question` int(11) DEFAULT NULL,
  `estado` int(11) DEFAULT NULL
) ENGINE=InnoDB DEFAULT CHARSET=latin1;

--
-- Volcado de datos para la tabla `answer`
--

INSERT INTO `answer` (`id`, `respuesta`, `question`, `estado`) VALUES
(27, 'Un sistema de bases de datos', 23, 1),
(28, 'Un servidor web', 23, 2),
(29, 'Una pagina de juegos', 23, 2),
(30, 'El servidor de localhost', 24, 1),
(31, 'Un servidor de juegos', 24, 2),
(32, 'Un sistema de base de datos', 24, 2),
(33, 'PHP', 25, 1),
(34, 'Java', 25, 2),
(35, 'Arduino', 25, 2),
(36, 'C++', 25, 2),
(37, 'MySql', 26, 1),
(38, 'Apache', 26, 2),
(39, 'FileZilla', 26, 2),
(40, 'Yahoo!', 27, 1),
(41, 'Google Chrome', 27, 2),
(42, 'Internet Explorer', 27, 2),
(43, 'Opera Mini', 27, 2),
(44, '7', 28, 1),
(45, '2', 28, 2),
(46, '1', 28, 2),
(47, '8', 28, 2),
(48, '8', 29, 1),
(49, '6', 29, 2),
(50, '4', 29, 2),
(51, '3', 29, 2),
(52, '157', 30, 1),
(53, '257', 30, 2),
(54, '10057', 30, 2),
(55, '15', 31, 1),
(56, '105', 31, 2),
(57, '205', 31, 2),
(58, '1105', 31, 2),
(74, 'Flechas', 33, 1),
(75, 'Navajas', 33, 2),
(76, 'Arros', 33, 2),
(77, 'Gpp', 33, 2),
(78, 'Flor', 34, 1),
(79, 'Flow', 34, 2),
(80, 'Mucho Flow', 34, 2),
(81, 'Hora', 35, 1),
(82, 'Reloj', 35, 2),
(83, 'Fecha', 35, 2),
(84, 'Pregunta', 36, 1),
(85, 'Respuesta', 36, 2),
(86, 'Verdadero', 37, 1),
(87, 'Falso', 37, 2);

-- --------------------------------------------------------

--
-- Estructura de tabla para la tabla `calificaciones`
--

CREATE TABLE `calificaciones` (
  `id` int(11) NOT NULL,
  `estudiante` int(11) DEFAULT NULL,
  `curso` int(11) DEFAULT NULL,
  `nota` int(11) DEFAULT NULL,
  `actividad` int(11) DEFAULT NULL
) ENGINE=InnoDB DEFAULT CHARSET=latin1;

--
-- Volcado de datos para la tabla `calificaciones`
--

INSERT INTO `calificaciones` (`id`, `estudiante`, `curso`, `nota`, `actividad`) VALUES
(1, 1001185785, 1, 5, 1),
(2, 1001185785, 2, 8, 2),
(3, 1001185785, 3, 5, 3),
(4, 1000019673, 3, 0, 3);

-- --------------------------------------------------------

--
-- Estructura de tabla para la tabla `cursos`
--

CREATE TABLE `cursos` (
  `id` int(11) NOT NULL,
  `nombre` varchar(255) DEFAULT NULL,
  `materia` int(11) DEFAULT NULL,
  `salon` int(11) DEFAULT NULL
) ENGINE=InnoDB DEFAULT CHARSET=latin1;

--
-- Volcado de datos para la tabla `cursos`
--

INSERT INTO `cursos` (`id`, `nombre`, `materia`, `salon`) VALUES
(1, 'Ingles Once A', 1, 1),
(2, 'Matematicas Septimo D', 2, 2),
(3, 'Matematicas Once A', 2, 1);

-- --------------------------------------------------------

--
-- Estructura de tabla para la tabla `datos_institucion`
--

CREATE TABLE `datos_institucion` (
  `id` int(11) NOT NULL,
  `escudo` longblob,
  `nombre` varchar(255) DEFAULT NULL,
  `color1` varchar(255) DEFAULT NULL,
  `color2` varchar(255) DEFAULT NULL,
  `color3` varchar(255) DEFAULT NULL,
  `email` varchar(255) DEFAULT NULL,
  `telefono` int(11) DEFAULT NULL,
  `main` longtext
) ENGINE=InnoDB DEFAULT CHARSET=latin1;

--
-- Volcado de datos para la tabla `datos_institucion`
--

INSERT INTO `datos_institucion` (`id`, `escudo`, `nombre`, `color1`, `color2`, `color3`, `email`, `telefono`, `main`) VALUES
(1, 0x89504e470d0a1a0a0000000d49484452000000ef000000bd08060000005b362a45000000097048597300000b1300000b1301009a9c180000200049444154789cec9d677854d5d680df333dbd2724a4136a42028426354a4744449aa8a8c85551512ca86001f55e1145af5ef4133b8228840e52a4f7de3b2484f4deebd473be1f430ba4412624c1799f671ec29c7dd65ec9cc3a7befb5d75a1bac58b162c58a152b56ac58b162c58a152b56ac58b162c58a152b56ac58b162c58a152b56ac58b162c58a152b56ac58b162c58a152b56ac58b162c58a152b56ac58b1525708f5ad80953b67f3e6634dd3d28afdb2728b7c73738afcf2f34b7d73f3cbfcf2f24b7c0bf24bfd009c9c6d935c9ced925d9d6d929c9d6d939d9c1d92dc3d1c92ddbded931eeadb3ea5be7f072b778ed5781b38bfffbe27e0c889d8c0d898ccc04b715981f60eeac0a63e2e813e4d5d039b783a053a3bd9e2ec628bb3931d0ef61a944a392a951ca552812008188c260c7a23068389d2323df9f9a5e4e797905f504a567651724a4a5e524a6a6e726e4e49929f9f6b7280bf7b529b96dec9a1a1de497dadc6dda0b11a6f0362fbf653ad77eeb9147af2547c686c6c46689bd6be6d5ab4f00a6dd1dc9b162dbc6916ec89b3936d9df4add51a4848cce6e2c5342ec6a673312683d367928ee4e5951c0e6be377a457f7e647264d1a74b44e3ab77247588db79e99f5c5eade870ec545c5c7674775eed42c2ab24320eddb0512daa6292a95a2bed523ee7226c78e2770ec783cfbf6c71c494b2f38dcfdbee647863ed8e1c8d0a11dadc65c8f588db71e983a7561ef556b4f440504b845dddfbb4d54cf1e2de9d0211095b2fe8db53a6262d3d9b5fb023b775fe0c8d1f8ed9d2303b70f19da61fbf0a19d77d4b76eff34acc67b97f8edb79dbdb7ec381b959e5e1035b07fdba88103c269ddcaa7bed5aa1559d9456cdc748a0d1b4f72f478fc922183da457f3673ecd2fad6eb9f82d578eb9837de5a3062cbf6f3a3faf7091b396278273a750cae6f95ea84e4945c96ad38c4cad547b6fbfbb96f1f32307cfba851ddaca3b195c6c7e437168ce8337066f4bcf93ba4fc82624992c47fc4cb68344a5bb69e929e7a76aed4267c4af4f48f968da8efcfe25ec53af25a98c96f2c18919c923bea99a77a8decdf370c85425edf2ad51ba7cf24336ffe2e366e3ab5e4e1a19da2fffde1a3d629b59586c7e437168c1831faabe8ed3bced6fbe8d7d05e97e333a42953ff9042dbbd631d89ad341c26bfb160c490473e8fdeb4f9a4248aa67a379486fc8a8949935e79ed37a94df894e8e8e8bdbdebfbb3b3f20fe5ada97f8cb8afc7f4e8057fec920c0643bd1b46637a1d3818230d1ff55f69dcf8b9d3ebfb73b4f20f223a7a6fef36edde8a9ef1f132292fff9fe388b2f4cb64324a8b97ec93eeebf9c1b6a9ef455ba7d256ea96f1cffd30fda147664b478ec6d5fb97ff5e7965651748af4df95d6a133e257af5eac31deafb33b6728fb168d9de0e6ddbbfb3edeb6f36483a9dbedebff0f7e26bcbb6d352af3e1f4b2fbefcebbfeafbf3b6728f30e1c59ffed57ff0a7d2d16397ebfd0b7eafbf72720aa5975ef9556a1d3e656e7d7fee561a39adc3a7cc7d7bda9f52515169bd7fb1ff49af3f17ef95da759a76f8cfe5fb5ad7f777c04a23e3cfe5879b85474e3dbc287a6fbd7f91efe4652a2991b497e2a4b273e7a5b23367256ddc65c954dcb89c6b67ce2649fd06cd94acceaccab14658ddc4bbd3a307eedd1bb3febfb31f2722dcbf56b28c46133b769ee7e4a9240401dab50ba067f796c8e5320b690b92245176fc1425bbf75176fc14da33e730e5e557d856eeec8426ac0d361161d847f5c0263ccc627ad405f905a5bcf5ce22b2b20b67ac5cfafa87f5ad4f43c36abc373062ccd7936432e17fdf7cfd141eee0eb592959090cdab6ffc4e4c6c7ab9f783023df8e4e35184b7f5ab957c7d520a797f2ca1f0af0d1833b3ee4886c2bb094e4307e3f2f828945e1eb5d2a7ae10459159b3d7f2fbc2dd4bce9efc7c547debd390b01aef1542dbbffd7554afd6af7c3e730c3636aa5ac9caca2a64e4d839646515d1b285379d3b0593929ac7f61de7104509a542ce7fbf789cfb7bb7b96dd9daf33164cd994bf1961d2049b5d2f31a0a058e0ff6c7e39589a87c1b669ae2ef7fec61d6ecb567fef7c5b8971e78a08d355b09abf102d0267ccabac7c6741b34eded8790c96a3fa57de5f5056cd97a86471eeec847d3875f937931269dc96ffc4e4262361a8d92a58b5e2128b066239e212393cccfbea6f0af0db5d6af3204a51297718fe1fee2b3c8ededebac9f3b65ebb633bcf9ce22de983c68c613637bfce3a7d1ffdc941760c11f7b465c88715ff9af67efeff2d69b431084da3fcbd2d2f3f9f0e315d8db6bf8e58709e54ad9b8b9d9337040387f6f3a455e5e09050565f4eb5bf5ba531245f2e6ff49caa42968cf9cabb57e55228a941d3b41c19a0d685a3447e5d7b46efbbb4d82823c8988f067fa87cba25e79e58da8cd9b16fd56df3ad52796f39c3432e62dd83962e6ac554b5e9dd4bff9e457065a4c6e6c6c060001fe6e154ebfdd5ced7973f2200076efbd58a52c436a1a094f3c47c6275f2096945a4cc7ea30a6a593f8cc44d23ffe0c496fb86bfdd684ae9d43f871eeb3ac587d24ea95d77edb56dffad427ff58e3fdecf3bf3e79ed95813c37e1018bcab5b7d70070f972162525ba0adb44440400505ac97580c28d5b891b3a86b223c72caadfed90f7fb62129efc17868c3b7388d515ed2202f8f1bb67d97ff052d467b357ff63931bfe91c6db267ccaba179e7ba0f984f15116971ddaa6294e8e369496e999f9d99a0adbc4c565021012e275cb354914c9fceaff48993405b1a8d8e2fadd2e65c74f7179f8e394d5f594fd36691be6c7ffcd799ac54b0fce58b8f09f995ef88f5bf3b68978fbeb714ff678e2f52b53574b2397cbb0b555b373f705ce5f4825292987fbee6b7ead32647e41296fbefd27b979254c7ab11f6d5a5f5f574a46232993df217ff1f23ad1ed4e914acb285cb711bbae9d517a79d6b73ad7f0f176262cd49769d3a3bb67a4ee9e53dffadc6dfe51c6fbc8a8af2775e9143463c6fbc32de29cba8a2449188de2b5e08bb0505ff2f24b397d26998b31e92c5d7e88b8cb59ecd8758e4f3e5d4d4a6a1e3dbab5e0ad371ebca687643291f2c6bb14fdbdc5627a591249afa770fd26ecba7644d9e4d619437de1e7e7869f9f9bdb89d3ce5db232f62cac6f7dee26ff18e37de7dde8815aad6ee1d75f3e69b1ba5225a53a667fb18e37dff99339df6e2421219b7e7dc31004815e3d5be160afe1f091388a8b759cbf90cad973a994690df47d2094d9b3c6a2bc321a4ba248ea5b1f50b46ea345f4aa2b24bd9ec2759bb0edd401a57793fa56e71a2d9a37412e97358f4bf472cdcad85b777b690d8c7f84f1fef9e7ee667f6f3e75f0e7ef9fc5ce4e6311995aad81f1fffa91cd5bcf6030980078fe5ff7d33ca4095bb79fc5c5d9962e9d4318f16867bc3c1df1f171a16b9710264f1ac0b3cf44a1549afff492249136f5430a57afb3885e758d643050b87e2376dd1ad614ba636410e9e9055d9af8f6ca3d736afdc1fad6e76ef08f08d288ecfaeee13f17bc14d93cc472a3c5c79fac6451f47e9a873461f22b037074b02122dc9f0b17d318fbe4ffe1ec62cbacff8ca14be76655cac9f8f44b727f6d7cb33db9b313017ffc8cba59507dab720dbdc1c8b867bea77387a0416fbc31e49e1f81ef79e36d1d3e65ee179f8d7d7ed080088bc94c4ccae1c18767e3e868c39ae5afe3ea6a8e462a29d53162ccff484ccc01401004268c8f62d28bfd2a4c46c8f9793e999f7d6d31bdee368a265e042efaa5414da1d3330a1839660e1fbeff48489f3e6d2fd5b73e75c93dbd55347ec20fff1af7440f8b1a2e702d4679c8e0f6d70c17e03f335791989843bf3e614476084292247efc791ba96979b7c82858b5ae511b2e80313d83c4f12f61ac248ba93e68e2e5c4ec598ff1ea9b0b7faa6f5dea9a7bd678172cd8d121bfb0f487bad812cace2902c0ce4e7ded3dbdc1486191167f3f37fef3d1483e9f39e6da355797f271c225fb0f913aedde08cdd5c7c5933cf13544bdbebe55b94697cecd78f699de51e327dcdbd529ef59e3fd72cedf5f7c36734c9d9cbcd7d4c705808d9b4e5d7356a9940abef96a1cbfff36113b3b351763cca980ad5a7a9737f28424925f790b8c468beb555f941d3b49fafbffa96f35caf1f2c4be94941966fcf6dbce7b3680e39e34de71e3e74e9ff2fa8351cd82ebc61bdaaf4f1876766a2ec767f1f6b445e874d7e37fdd5ced912489790b7601f0c8b08ed7ae998a8a487a61326241619de8559f14acfc8b9c9f1a4e9e80422167d627a399f3ddc619f5ad4b5d71cf6d15fdfcdbcede898959f3de9bfab04503316ec4c64685abab3ddb769ce3525c261b379fc6d5c51e37377bd2330af864d66ab6ed3847b3669e7cf4c108e47219922892fcd29b684f9cae139d1a0225fb0ea2096b8d3a30a0be5501c0d9c916b55a11e8ecd695e347ffbae77280ef396f73fb4ed3b6ad5832392a20c0dd623293927358b4783f2fbed0b7dc14f8cfc5fb98f9d91a4c26f1967bbc3c1df97dde447cae4cb133bffa3f72befbd9623a355464f6f604ad5c88cacfb7be5501cc9538c68efb8ec18323a29e7abcd73d65c0f7d4c8fbf484b9d31f19d6f1e93ef7875a54eed477a359b5e6282b561fc1c3dd9116cdcd5b236dc3fce8dfaf2d454565a4a6e5a3d71bb1d12819363492afbe78120f0f47008a77ec217dfa2716d5e91604d0b496e1f0801ce7c10a9c8729701ea2c4b19f02fb2e72d4cd64083602c66c09ea70b92de9f5941d3981f3230f21c82df3f5d2169762942951dcc1224f1004da86f9f1fa9b0bed32d2762fb188420d847b66e45dbefc60ef9fe6edd8be72e9e46bd14b96e2f889043efe6425e72fa401e6689ef7a70e2b9715248a2285455a1cec35e5f6740d2969c43d32b6eed6b9327088321bacc24d86a950427b49c49829219649084a50b80aa80264a87c64887a89e25d26f2d7183015d48d4a002e4f8ca6c9fb6fd54e48fe45663cfd0b4be2cdffedf3fc283e99d8813ba9f1316bf65fe4e6168ffc6ce6d87be698d17b66e43d75cef9f3ff7c3c32b42e9c544d9a38336278675c5cec387e3281f8f86c962c3b48515119ed220250a91408828046a34426bbfe3c948c4612fff50a86c4248beb04a0f415f07e538d7d7739dab31239f30de42c345072c044d96911ed0511ed5991d22322455b4d14ef318111ec7b2970eaabc05428a14fb4501dac9bd09e3c83ba55f3db8cc02a252dcb80839d122865f1ab5ff1dd99eb572f1f39c356c987b19d6ebf585e78981f333ffb4b484ad87ecf8cbef784f17ef49f65239c9ded664c7ab17f9df521930984b7f5e391611dc9cb2be1dcf9544e9c4c64e59a2378785c9f4adf48f69cefebace6946d7b194dde54236a21e32b3d859b4c1873aa3644b114b4e7448a761a517a09b83ca444ee245076f2d635bb2528d97300a7871f446e675783d63ad64efd90273fb848efa7bbe269bccc271f1e2303e8f3e6583ee86f64d5f66cf28e9c27f0e15eb470b8bd39b45aadc4de4e1deaeb1f7566ffbe1567efe8176a60dc13c69b911b38e3eb2f9f0c7573b35cd1b4dcdc624e9e4a22393997c4a41ce213b34948c82623b380a0400fbc3c1d39753a99e2621d9bb69ce6d0e138ba746e86c3954a1aa5478e9336ed23cb5578bc019b7632bc5e56a13d2792fe851ed36d16ba90f4507a58443280d320050a1781d2e396376049a7431f9f80d390eacb0ce51ffa8bc7be4c068a89716ecea31d0496cd3d4206f0c84b2378a8573b0213f6b0295647a66b088f7670b96d7d5ab7f2e1dbb99b85980b9bee89d1d7f2110c7799e9d3978d282ed38eac68e4ab0dd33e58c2aedd176adc3e2e2e13fb2b194ba6e26252a7bc07a2e50d42d944c0f37915da8b22195fe9a1165d14ac33221924dcc6aad02789146e31594ed12b146fdb45fe8a35383ff25015ad4c1c5a7ea5dc4f60389f8e0900ed45ae8ed749a97910da84d6ed9bc0fa045262d381e0dbd6452e97f1d2c4be239b872c18f1d5174f36fab56fa337dee5ab0f8d5ab96cb2456526246473e060f998f636ad9ba2d12891cb65c864020ab90c995c865c26432617786468240e0e66e3cd9cf5358694b42afb2894b7e33d9507a99296570ca7e865aa597cb0fbb34a4c851299dfd6ce70afe9b1c984cacf88cb6825a527458c59969f2964fc673676ddba5491426824b7cc5ccf2be2a1aef82b0085375d03616f3c5c8c2d859e717cf549c295f677feb51dd83f9cef7fda3a0ab01a6f7d327dfab2115a837e647090659d540101eeac59f13a3367ad61fb4e73eda6e2122daf4e1a408f6e2daabcb764ff21f2a3ab29632384f09eca99277587f096053359d58904c3219e34566dc0769de56842e4a47dae432cb9ad5fa94a72161ab00993e3324241d67755558b54502873a204252582863c414399a0c246bc4c275351a5778945c5a47f340bbf6fbfa8a4859ad0b6deb03d8d94d86ccca3aa03ada21c605e1127f6c450fc4c73caaeb41e36bcf99dfda298b78e5e7cbeefc8a080c63ffa36eaf0c8252bf68f7ae6a95e16955954a405c0b7a92bdffeef29befddf53f8367525313187e75ffc85575f5f406a5ac54626969591f6eec7d5f6b1451d44aa984a27311f5fe35116eb7358a50ca6bae2ae4e0314949d37a13d6bd9e9b8a483827506ec3aca51b855b57ba86287aa0393d46d794715cc49b90bff5378314b59fdd12dc59bb753bc6377a5d743ee37d7afce5ebf9c999b12d06ad33971f8fa0341a10966eab400821f1bc5a44eb7bfdebd91be0f84723e26add11f9dd2681d560b17eeed2d4ad2e79634de92521d0f0efb82f317d2086de38b838386c0000f468de88c5c21e7c4c94462623358b2ec8079f3bfad5fb93dddcc2fe650b2734fb5fd341545ca14c17ca26c4a1b3103a33c8858299541a6caf782155e02ae2395e42d316248b1fcd4569f2ae1345081580cba98ca1e0e065a1ae318653210277724488213322d73b4c7a8c9c94e65c74ee13c663882e2d6099fc2258016197bd870dec4c94d87f9e1a7fd1c3217d92462747f467770c125b413637b78d77ac4110401855c16ea17d0b83dcf8dd678ed9d3b3d3de199de517e7e6e1693b96af551d66d38c1c59874162fd94f59a99eb661bed8daaae9dc3198070745909494cba5b84c0e1cbcc491a39779e46173e281f6622c69533facd2bb5c2a73a30c0376522e1d8c8974163c99a66ac906999e0f74a771ac4237bb2e726cdacac8fed55037115246d03497a1f41228de5b9de3aa10b5bc25dfca4dccd6eec55ede8a5f55fe049ad2a86a53482c2c4290cbb1ebd2b182ab329af5688db0f7bad102d0a5270b3fe852a387c3ed10d2cc8b999fad69d4fbbe8d36c26af0d0cfb6ad5df56694a5e56ed97a862fbe5a4f42623600ceceb6bcf87c5f468fec72ad70ddb61d6799396b0d935eecc743433a0010fff804ca0e575520dd8f776c5a110b80898e621981520961621148d98455b16604707b5a89264446ca7b95176aaf2dcec31438f6519038495b653b933c9cd12a77261bd239a4f0668f601e0b27e87732d054b57e824a45b38d2baaa8be6122f1cc05e2b2b43879fbd3b6a57b9d3966bef86a1d3939a52367fe7b54a35cfb364ae37de3ad052342dbf82db1f47af72a46a389c54b0ef07fdf6f263fdfbc120df077e78dc983e8f380396e5aa733a0562b012858b996d4b73fa856ee795514ef0999cc31aa98a472e461518f8ff10c7daa315c859b80e764153235e82e8b084a01492761cc96d0258868cf89b7edc09239804d6b39aa0001859b804c252073024db09cac5ff4949d3251b903dc960d9aeefc249432d664e22fb92da3f4871858cdef7115a76143f099554931026311a78f5da6a0444b7ea996e2dc32728a0a29282c253fbf94dcdc624a32f4a414eac9ced50121ac393c81e03bb0f084846c060f9bbde4ecf1cf1ae5fab7511a6f78e4d4e86d1ba78ebcb1044d6d282bd333f787ad3c36e63e9a78395d7bbfb858cb8f3f6f67fec2dde8f5e6b96a87f681bcf5c683b40d333b69c4d2322ef51f86312bbb063d39b05cd3953f049189fa1df431553dffb5eb24c7b1bfd9c32c4912921e74f122921e641a507aca903b09484689d2932205eb8de862ab7666695acb701aa8c0264c86201330e64918b34544adf921a1f2318fa29224a1bd2052f0b791b20a02384c820369f2203e507ae12966d14f54b04bee48b8f128c3abf19a230804adfc134dab8abcc6d9cc6c379bdfab96508e219f4c66d6e03bdbe77f66c20f0c7eb043d4a8e19d1b5dc651a35bf32e5cb8b7b75aa3f8fcea5ad3122c5eba9fff7db3913f16ed25393997c0000f5c5dec50a914dcd73584a1433a90975fc2c59874d2d2f3c9c92966f0a0760064cffd85e2edbbaa945f286fc7144d5b7e56b873bf318324b913ad4ca9044b156fcb287d04bc5e55e3344081315b226fb9d19c11942991315b4fc93e13c5bb4c146c3052bcc784311f6cdbca701eac44e92da03d678e9eba11b913783eafc2758412c900f96b8c64ff66207fa591e25d264af69990f460d7414ed29b65e8532534cde4380f52a26925437b5144bcc11d2e43c10e556b9229a60d4a76c89db824c828138cf435e554fb3737a4a4e034747005576c69159ec7bcb569e0aa86b2abeb6f35239fefc4d001e13c36d497759be2afdde1d7b313835a55e531a81cb95cc6ca5547e24f1c6b7cf9be8d6ee41d377eeef427c6769bd1af4fd54763d614a3d1c4c0873e27eda6ed9ffba3daf0aff1514484fb5f7befccd964befc7a03efbe3394e0204f0c19595cea3f0c495bc51a5108e1158d2f4fea8e9bf774956ef43715e228c632c678eb97dcb6a30c8f092a4cf912d9f30dd7b685aa5df30a60df538eeb6825921632bed2a14f323bcfd4cd6478bd623eb130e74f0325fb2b7648393fa2c0f181f26b5e9b7632dc9f5022b315c8fc3f3d65a76f1c856d39ad0ce3078513b66216130cf1d8091a1462361e52f55eb580df7fc4b653870aaf19b526141a39c6c49d440c5d07b8f1ebfe2974d6e858fbe16cde5a619ea2473c3f963f268657db57659494eae879ffc7db8f1dfce4fe3b16524f34ba9157a9693f63c6fbc3032d75ea416161197fad3f4e5e5e098e0e36748c0c222d3d9fb8b84c96ad38c48183977073b52720c01d4f0f471e7ea8032e2e669f6ac627b3d19e3a53a5fc2d9a48b649c9bc664cc1514ce351c999594a9177f471286f6a6bd7556e0e7d3c2f923e5b8f31edbae75ae12a60df4d4ec14663a5de667d8244c91113761de538f5555076da84c25346933755187324d266e9abd80602a7c10ac422a99cb7d9982e51bccf844d4b194e8314e892448ce957f5b2e3a8d2897efac30cc08b575521ac977bb1561184482e6162d58e2f435a3acec38654784d76257957e6d4049ff3dbd91a5f46bc51a0f4ef68a65f31dce0c786b37872875a6d1da9940ace5f480d9cf4f294edcb97ff9c50fd1d0d874665bc0b16ede8606ba39e69c952ae1a8d8aa1433a7021269d8b31e9e8f546fe3d63049e9e8e5cbc984662520e6bd71f67f396d3383868ae650fe9e2e2cd45d7aad81a32096abc453dda1aece9aa4364784d52517a5424738e1e6e9af68aa5e0d44f893e59aa729f572c8192bd26ec3ac971e8adc0bebb1c639a44da4c1d6215870e0a36e0f6a492e25da65b0c5cd243f13e13ea10f37ab9f4b809b110404b88290d777cf850edcf40fd21a6ebcf324ad43043e5cbfdc6e42ab78e0cc9a9d8f5b80fa57755671f29080a32f1c3d278328ec7b1fbbcb94aa5fba0a1ac9ede15f37c42c7da590b496dd98ec09a2430ddfcbb032bd734bea973a38ab0dabcf16c64df072c5b2503cc255cbffd7a1c4f8feb4946662153a62ea24deba66cfe7b2a2fbfd80f67675b2ec6a4b37ec3896bf764cff9becac4832c4557466b7a314ee5cc48ed36661b75cc50f762b242e4657df9fc5e41051ecf2bd1a74864fda4870a6cd39821a18b137188aafe792b9641c6d77ae4f6202821638e0ea99acaac0edde50872283950c91eaf09b2fe4f8f2957c2f305d54d8f7d35a5e4f1e055f7b4548a0f36e4d4605196fded0fd5b6d1b40ca3db8d6f44f563edcc6e9823c9756c9a359bb7fe3cc70f4bef2cdea257cf569c3c9510754737d7238dca788f1e4f88bcafcb9dc7b5de4c66e6f5d14f269331e5f507f9f7872390448977de5dcc4fbf6ce7f909f7b365c354a6bd3d94179eeb039803320aab3a144c08e163a592d9daa33c2cb8b257ee0e621ab3f531ccd09fe4e6ea4e4e8314289c05b2e6eaab34b2820d466c5ac9d18456ffb1a98364087201995240e55b757b41034e8395941caa3a27582c83cceff528bd051cefbfc17aa53c2270e1676530f1f2567caa694eb19848ab1a048295ecda57cdd9bf3ad67e388fbd57ff1bd693ed5ff5b9524dc3bcfe9dfca7791a7de2efcbdcc989c636362a3a4606472d5b7db8e2057803a5514d9b070c7c7cc698515d7d2c21ebf88904863efa5f162cdccd8e5de7397b2e85b4f402429a79d1a74f287bf6c5b06f7f2ca74e27d1f781303a4606e1e969f668a64fff047d5c7ca5b2cdebdc24c6482ecc953b7246eec11ab92bfea60b743395df901594e0f9a28ae2bda66a239b0ca912366132ecbbc829de6bbac5a37c239ecfabd0a798f77fd5c13273158d4a707f4a893a5846e63786721ee58a30e583d25bc0fe3e05851baf2ebecbe8208a9c5406f1bbc28e70633c134c4a16d420ea0acc31e18efd1fa8f05a5cf48f8cfff14ac85560249ba387619e6497b262eaa74c5d734561d7d62c5f31129f3b8ce8c8cb2b61f3c6d3478e1d5d73f4ce24dc7d1acdc8fbef7f2febd0a37b8b484bc9fbe997ed001417eb387a2c9e3f17efe3a3fface0f1a7bee385977e45a7355bc6ee3d1719fdf83714169a735a74972e53b4695b2552d5140a6a7ae863182404315ee5cdfd8643fc52b685a5655b1968bad5326cdbcb91db09146eaa59cc63f6cf06e40e029e2fa92afdf454fe022a3f19859b8d146e368fd60af78ae7b08efde538f45090bbd850e374c0c2cd26142e023637ce00c4789ed56e65963e9d2279335e51f990287363b5c2b97a79eb3661c8a8b8a240f0fd5d7007700d67cdd291780366c39dc57bebaf78de032359b3f1295ad6e200c89e3d5ab2ef608cc5be5f77834663bc274e274676e954f5897b35253da3801dbbce03e660847611febcf8425f5e7b652003fb8713e0ef4e69d9f5f9ab4aa5c0d1d106809c1fe6552a374dd985f12a3fd4623ccf6ab731db98c72a6527de51559e386e132e439f226248af99e118d22532e7ead1b490e1f59a0a994d4532e5883a73e046c95113922861137eeb47ed345881eb6825853b8c14dd4622beee9288314fc226bcfcc4ed90ba1f13553e2019e8683ccda7da04f6285b506de93da391bc85d1155ff388e0c3a723f97df5d82b5154452c9e7c83e1867565f3ca917714617523c1419eb8bb3b5a2e78e02ed0d134066b000020004944415468a6cd2a9bc8e7a6befd50c78a4edbbb5deced350ce8174e59999ed84b19a4a6e573e8701c068389b1a3ef63da3b43797a5c4f7af56845ab56de3cfc5024be4d5d31a4a491f6dec7157b988510de55d9f289f63cdb35bdc910138830a533ca54861b85784b156f9bb83caa441b235276a2e6697ec60c097d9288d30005f69de568e3c472a18c4e03148825e62a9118c136528e2083d263e63e64f6e03e5e89537f25455b4de42ca82a87b762d4c1022a1fc1dcc715dcc55c8619ce118927df28fd100505c7646a7a9a12a86efcd55f8ac365dc980a328e6404760dc55b0566c3fd0f1f6dbfd26797fbd9feeb10aaf255df0e274f25fabc35e5bde8c58b7fa849b85cbdd36892f1c342fd3a5af2dca166c19efce7a3914c7aa93fbf2dd8c5d265073972f432478e5ea67948139e7da637830684d3a17de0b57b727efd1d4c158f50e61cddcbe8941d582125f28ba86281cd7d04e876d0ab8a3048a58740f1aedb4ff12b3d2692fab10ecfe754f8bcafa6f4b048e11623da0b224a0f015ddcf58781314342e12ea0f01070e829c7b18f0204c8fa594ff1ee3b2b7d63cc90d0b42cffec574bf98027ffa77262903105644e4cd49f21b006bf9e29bf80a20d5b707ab8a2a82b803c164c9ec5a7dbaffcb74b4fd67f1d85322d9d0bb98564a766939c91476a4a3667f765d2f5dd1778b6d3ede522b58b0860cffe0ba140551eb40643a388b09a376f4bb3dc7c5dec6baf565fc8ec4e29282ce58f45fb58f8e75ef2f2cc4e256f6f67befdfa295ab6f0c6545c4c6caf418825157974dc38a8f4e294bc29eb0573764d84ac0befca52f945175b79a77208fac986ec5ff514edbcc3fa5157ea363b0d52a07497612a921054604893283d614250805d47397257b3e759d4dd50b7b916a5a49d069a0bbb27bc507e46a19377e47195c8fcb2a3d8dea64c9b8eed09ace464cec4753f31685a157fcb9b09ecca9e95c3aa1df16fe4e4a944de9fb174c6eae56f368a231c1bc5c87be2744af3fe7def3c04ae22b2b28bc8c929c2cdd51e0f0f479c1c6d99f85c1f9e19d78be52b0ff1ebfc5d9496eaf0bf922f9cbf645525860bc8dcf84cd19489fa3dcc96b5e14d552fa094afcaaaf9b2994012a5da7d0a22146d3551b4cd84a6a50c9bb6321cfb2850780a38deaf403248082a01a90c327fd1537adc442533f8db4250424511906ad3597ed4ea6fdb7001ca0e1f4317178f3a38f0966bfefdfbd1675a2c5baab8dfddd581a6cdedf17375c6c6d9865c2d38df8613ab45736f2ec5655b3e90a08e6814c61b7b29b3f94b132d531df2d4e9243e99b59a93a7ae074af8fbb9f1c8c3913c3eb63b76b66ac68ee9c6e8915db97c390b1b1b1592c944de823f2b172a5e64bede9171aa8eccd6ee64a9b129a76585b7ece75684a9c81cfa586b24d09e17d19e175107cb108b3117a9039abca5422ca3d298e63b41ee22602aac683e5c8a4b2d0a7de447afc0eb9dd76ebda008e0cdaffa1191acc4dfcb1e270f67dc1d6db171b0c3c1418546a32ef765d666c5b164d6e7ccf47d981f9fadbaeed855341a2501016e6dce1cbf73fdef268dc2789353f242022d7070d8b1e3093cfbfc8fe874e5878cc4a41cbefe6623d14b0f32f79b670809f1422e975d3bcea478dbae4aaa413ab053d59a52299b48e3293e3576e14d753be66b8f1356433b31a488a8fc2debf437a494f72eabfc64146db36cf90d95bf0c43b2e5cbf114ac5e87e794572a3ce7c83faa0fcf56737f7edc59fef8712ddfaebf9af4b18a83a3a7d0b986d9a32d5b7887bebef958d3be7ddba7dc96e2f540a330dea0408fe6b5f5328ba2c8bb1f2c41a73332f2d1cebcf05c1f9c9d6c89bd94c1baf5c759b4643f69e9f93cffd22fac5af61af6f6d7e75b798b97552ad74132725aeecf4f8aabdb581e7caff4e4354366a5f7dc48d93911e7210a0415d58630d694b2f3261cfb2850361190d982dc5ea0ecbce58ad6c9ec411d2490b3d7f2f5784c39b994ec3d807dcf6ed537be7e1789c78ff0cb776b5972a07cd6557054736c8d266abab112d2cc931327d2fc00abf15a023f5fd790dacad87fe0120989d974ea18cc8cf7875f7b3f2cd497b0505f463cda99a7c67f4f7a4601cb571e66dc133d00d027a752b26b5f25528b686f384a7b03bc0894ca3c499439e264aa99e102941c32e1faa812bb2ef272db2eb5a1eca488a895b0ef2947666b9ede6a2d68bcf6ddcd5f9bd2c3962fd20e50b0667d0d8d57c785bdbbf9f6b34d6c892f7fa5db63fd78755c0fc2bcd515de59197e4d5d59bbfe44c3389fb41a1abcf146471f68129f9459eb80e68387e3001834a062c757709027139fefc37f3e5dcdb1e3f1d78c377ff1f21a1f59622b66d24aacb9e18279cba5f4a409e7c10a7378a405ec41d243d14e138e0f2810e490bfd6689102ed604ea2701aa0a0e4a0a956deeaaa28dab40db1ac0c994d0511285748dbfb37cfbdb88db872efaa19396900e34777c1dffece42189a3675252131bbfa5ab60d80066fbc9793337c7c7d5c6b2da7a0c0bcfd53951d863433af714da2b991643251b0624dadfbae8ebce5067c3e50e3fc9082fc9596998ae6af33e0d8478e64c29c036c215c462a91db439e85f4ac08a9b48ce26dbb701c5cc5c17125e93718ae0313663cc41303c3b1c94b60dfba0d2c3c978d0e25cd22c2e83b301cef1a7a9d9bfab89090946d1d792d414a729e4fe7c8da8745fafb991d5e4b961d64f8231da928e0e3e8b178005a5ec9d92dd9bdaf86b5a96a873e41a2608311e7a10af48922a5476b3f4c3af55320c805043938462928585f7b63b3ef6e4ef2cf5d62c098513747835ea570e3d62a8dd7bbdf002684e5e3f8d4438cee178c7dfe4566be3a9ddf6f5af3b2e2249fce58c6070bdf647468f5411b9e9e8e2815f24631f236f8d8e6ecac226f57973bc8b0be892183db616ba3e2fc85549e99f003a7cf2497bb7ee264223fcf33e7620fbc92ec9fbfbcee47ddabe42d33a23d23e2f19c0a9b88da7d2c4e8315383fa8247fad81c26d465c46287078a07691b0769de5b83fada4e4b08982757537ea5ea578c76e445d5565649bf0daefaff26cbf60ecb571bc12f54b79c375752022ecaab1eaf8e8f1b91cac41bea020083839d959475e4b909a91efe3e474275bfee5f1f07064fafbc399fade628e9f4864f4e3df1018e04e8be64d282cd272f0d0254451e291873bd22cd813537e01c55bee6261051132bed1e3f58a0aaf5754e4ad3052b0d65861627e65081a701fa7c4fe3e05051b8de42d3582600ea8707f5285cad748ee9f862a53096f410e2ec314380f515272d444e6f71672895783545a46c9ae7d38f48daaa6a58e15effc702d782378504f664eec4598bfd9708d69279938e80ff692c3942f8eb2637af529bb2e2eb6d691d71264a41778bb38d77ee405f3e83befe7e769d3ba2900f109d96cdc7c9afd076211458901fddaf2feb4870128fc7b0b92e1f603f66b83a483f42ff5146e31e1325c81cf0c35b691b26a3f25410d0e0fc8f19da9c136524ef66f7a72ffbca2bb644e23cc5d6cc0a1a79ca69fa8b1ef2547b8b980d6cdc8cda73434fd588dd36005f96b0c647ea3af9bd31a2aa1f2d4cbeb68e376f3de76f3cfc18f8d62c5cc07af192e80c23b9cffceeb0940f68aa3c4d5407f17673bdf2d5b4e592685ad0e69f023af20083e578fceb40491ed0359f2e7244e9f4966df8158d2d3f37174b4a147f79644de908450b866bdc5fabc2d4c90fb87819283265c4729f07a598da950a2f4b409fd6511638e846400998d39d140dd4c864da80c4109a5474472a30d18b36f1dae0b3618293d6ec27594128f6754b88d91283b23a2bb2462c8129174664fb2c25d401d24c3264c6ede1f3e6b22eb7b3dfa84ba5de35644f18edd48a28820abfce9652cbb1aeb19c2d76f74a8f00b6d1fd69a6eec622f79646b21b89a800d07070d3939a5cd814b55b7ac5f1abcf1aa540a1f41a87df8e0d973295c8acb44a55210d2cc8bd0364d090bad78696348cfa0f450fd1654d0c58aa47da247152460df55814d6b73050d417efd6f21ea25f4092205eb8c14ef33559b4c6f4897c8f89f1e651301bbfbe4d886c9b1895020535e97291925f4291245bb8c94ec335d2b1f5b1f98f2f2293b791adb7655c4b55f9d1c8579e359c9b7d9989accc5dbe857ad5290955bd81cd8701bb7dd751a81f1cabd6b737f62520e6fbefd0767ce960f98f1f27464e4882e3cfd644f6c6c54e5ae55599fea2ea3bf2c917bf9ca3754067247109402a25642acd9e922b7604897c85f61247f85794d2c7700412d20e925f3de6dfdd9eb2d146fdb55a5f1da07fa110cc49ddec5dab8be8c0ebe2928a3388e7787aec3bc67e0827b0d26712a9582fcbcd25a0706d5350d7acdbb66cdd1112aa5f28e6b56190c2626befc2b67cea6a054ca090c70c7e94a458c8ccc42bef9bf4d3cfed477e4e496774316fd5d55ee4a3d229a6b4819b3eedc706f410253a159a6a9800665b800c5db2b3fd31700e710c647997ffc68f82f6c8fcbc36834519c9fce9e952b79a8c70ffc75a5e9135f0dab51c50da5524e764ea1e52a1dd6110d7ae4cdce2b1a2557dcf9f365f3d6d3c42764d3b285373fce7d16b72b671bc55eca60fd8613fcfee75e2e5c4c63c6c7cb99f3df71001832b3283b7eca22fa5ba93dbaf3173166e7a070afec28575b1e99318e2551f33941022f0d9f5561abe0c7463125aa66c92d0a859cec9c42ebc85b1bdcdd1da28dc63b8f17dcb2d57c9ac1e44903ae192e9823a926bdd49fe83f5ec6d646c5d66d67292a323b3e8a376faf95ce562c4fc9de035537706ec30f8b075371a53007264c1bc792b72b76665584d168c2ddddf93632ffeb87063df23e34b8c3d2cedddf4f056e7bea2c4912fb0ec462a351d2b56bc50fd1007f7742437d3974388ebcfc121c1c3435da9eb0727729d973a09243c9ae63dfb2176bf6b7e7c2a918ce5ece037b079a36f327bc65136e77af42af37e1ee6a1f73e71adf1d1ab4f102e874c634eec078cf5f48253fbf94e6214dc8cd2d297774e78da4a7e72397cbf0f274c4545048c9c123b555d98a8529d9bbbf660d350eb4ecd481969d6ad79fc160c4d9c5d63af2d61683c1942a4952e4ed6e17eddd67fedbc7c4a6d367c04c82023db8af6b08f7756d4ee78ec1d8db6b484bcf27293997b6617ea8d54a0ad66f04e35d8c42a8049de04cae20c755cce1baef5441a9a0422d9522074c822d25577254155211b657de2b14e4c8af389dd45211ea2befeb28c556ba7a9f1e3b54d7efa70c5bc978ed9aa364bca5bffac498998deed265d4cd82ee4a7f5a9d110f5747ebc85b5b24494a2d282cc3f9364324c3427d193634927dfb63c8c82ce4727c1697e3b3f863d13ee472196dc37c717131af83bbdd67762c3684297396a22b139576844832628552be2adb832f50a868c778a50b63f57b186e2a2546d995f7e4727c2491540126ea77d354d19df7041104198e40213aded5edc546d99df7b8c4525d1c312af3cfff9602794f2ebfd20e06198ed25ddee15abb9bfbab6f4a0f1fbb6bc65b5454869b8fadd5786b8b5713a7b482fcd2db36de2e9d9bd1a5b339c22dee72267bf7c7b07f7f2c070fc75152a2e3f889c46b6defeb1282a8d753bcbbb2a4fbbb478ecc0e28e0057d1a69729b2b47852838a4304ffbff52f8f3b0e9bcf9831313f85c97c9464d27e2051b022413368280d2749e5ff4491c53f7638ed29f69920947e14aa6d2959f1580a378895f74711c52f76396dc89ded7daddda5f7d8fbea5878ee2327a78f50d2d406e7e49729f1e6d1b7474153402e3f5f1724ecdcb2f21a01635ac82833c090ef2e489c7ba63349a38753a99bdfb63d8b73f86d84b194444f85376ec44d58764df255a194e314168c59bea364031ff36c6e242300b0503efea3399a3f2e19c701e0d4690053045e347aa0063b921ec58309b5a1b6301f68af2e1c8e60f5c061829943563844d33a0947f6b13312a03afdc7f6b7f61f5bcff7b3723de0af2ca92aa6f55ff34e8ad2200770f87b4dcbc92ea1bd61085424efb7601bcf4425f7e9f37919d5bde43a55450baff90c5fab873d4ec54b521cb7492a5654779007bb6ca1d8857785188925f953e1422e72f45138c28701463f89f760bff3689fc21bff1e12603d41c503a512c898040e1159f6b9620c75ed299ef379d67be3e03505374834ba1a2feea1b637a06faa4ba2f2b258a22f98525c9d5b7ac7f1afcc8dbd4d72535352dafcee4ab54e63f41c981c375d647cdd1d1ce98cf3c5527562901a980af4c2a566b343ca5dfc943261da5f28e8c5305d2c764a450d69c1136cd011313f41928e4fed82292737544958a986d882710191d35cd1861e38779944d41a16c09821c5bd349fe6d8ae23d5538ef89602f6958a7b8b5bf2c433a1ef5fcd7293d7c14955fd33aed2323b310a3d1d42846de067f624274f48126710919696fbf39a44efbb9d0b13762d19d9cee5a1728d009a0aea8aa792dd0096ad4525509ee0d1ba74787e2f3c9f43aede3c8d1cbbc377de9eb1bfe7afbbf75da910568f0d3e651a3baa4a7a4e6d5a9e7cf9091d9800c17c06871c3051ab5e1c2dd59f726a7e412e0efde2846de066fbc00c9c93975ba61aebf145f97e2ad580843623286cc8acff1b5144949b9b468e6dd28d6bc8dc278e3e2b2626a13e35c1dc6bcba5b535bb12cdad3757b805f4c6c3a1111ded691d752f8fbbbc55e8eafbb27ae29bfa0ce645bb12cbaf3b793567ffb5c8cc938d3188e3a814662bc21cd3c632ec6a4d75d070d2024d24acdd0c72756dfe80e292dd393989c7db6ce3ab0300d7eab0820222c38e6ecb9141e1cd4ae4ee40b5554e66f88082a150a4f0f146eaec8dd5cccffba38236834c8346a04b51a995a0d721992d188643082d1886430602a2ac6945f70ed65cccec190928a5456ff012a35c198975f67b2cf9f4fa54d2b9f3367ada7045a8ea79fee7169ec93df1c0122eb42bedcb9e28ca3fa46d1c40b4deb16a85b3447e5ef8bd2df1795bf2f0a2f4f2c51d7eb468c39b9189253d027a7a28bb984eedc45b4e72f624ccfb0683fb5452cadbb38ebe32712086f1b7866e9a23aebc2a2340ae305387d2ef5b04e678854ababab597afba89bd77f954fb98b33361d22b08d6c87a64d2b34ad5bded5878ac2cd15859b2b36116dcbbd6fca2f407bf63ca5878f517af00865274e23e9ef4eede68a90d958ae92e8cd1c3d9ec0c84722cfd4590716a6d1186fcb108f23a7cfa6942bcf6a2954017ec89c1c110beae8e4ac0a90393a60d7bd2b76dd3a631bd91e5570a0c547534b207776c2ae5b17ecba750140d4ebd19e3c4df1eefd146fdd81eec2dd4d7b55b8d6fedcaaca38762261fbb75f3f5db7ee6c0bd2688c3722acd991030763ebc47805990cc7017dc98f5e6e71d937a269d30abbdeddb1efd51d9b88b00a0f906ee8c8542a6c3b76c0b663073c27bf8821258da26d3b29dabc9dd2038741b4dc51a215a16eddb24ee45e8c49c7a789d3f63a115e4734bc477d158c7df29bc30be7bf5827eb5eed85182e0f1b6bf12f9fa66d288e83fae230a02f2adf3b2e84d92830646651f8d7060a56adabb32d9de0f5cb5007075a5ceecfbfee20252d2f6afabbc3efe21937b5a3d18cbc00274e251fce2f288dbcdddcde9aa069d91c97c74791b7a0f6de0a557020cec387e238b83fcaa6b52a3bdda8507a7ae036fe49dcc63f89f6622cf94b5652b07c0d62b165424f6d3b47d689e102ecde7dfec8bc5f26361ac38546b2cf7b958e1d028eecdd577761ce5e6f4fc6aec77d7774afccc11ee7318f12183d8f66eb97e1f6afa7fe51867b339a16213479f74d9aefda4093e9efa0aa6d150ca502af77dfb48c72375152a2e3e8c984869056765b342ae31dd43fe2c8a62da7eb4cbea054e2f7fd57b84e18078a9a4d4a6c22dae23deb439aefd988f787d36ef1d6fed391d9dae0327624cdd62dc5ffd7efb0ebdef5f685281434fdfcdf685ab5b0bc82c0d6ed67691f1ed0e82a0f36aa352f40fbced3b6eddefe4194ed4d4794581a437a06f94b5751baff10fac4644c0585c86c3428dcdd50b76c8e4dfb701ceeeff58f1e5def14edf98be42f5d45e15f1b30551374a1096d4d9319ef60131e5667fabc3c793e3d7bb5881cf368b7fa3da0ea366974c63b6efcdce9a3477699317860447dab62a59648a288f6dc05ca0e1f4317178f31330bc96040eee4842a2800bb1e5dab3e64cc02141569e9d5e7e3edc70fcdbcbf4e3baa031a95c30a60c0c0f0edebd61fc76abc8d1f4126c326b43536a1adeb4d874d5b4e11de3660fbf1865005e93669546b5e80c74775dbb173d785259999350fa8d06aefee21d956ea0f83c184c954f3edbee52b0f336c4887ed75a751ddd1e88c17a07fbff0e815ab6ae61c2c2dd333e4912f786ffa523232aca97ff72a9224b1e1ef933cf4c8172cfc736f8dee898dcde0d8b1f825c387776e545b4457697c213ec0be3dcbceea8c6da29e18db2db0ba90c2ff7dfb37bb765fe0fc8554162dd94f56761141411e38395a7eafd8caddc76412d9b0f12453df8be68f457b292c2ce3f88904860d8dc4ce4e5de5bd3ffcbc8da040af19bb772e6934698037d2288d17a047af1181ceceb651418195d7348cbb9cc9b4f7a3114573d1619349e4f49964fe58b48ff317d2b0b151e1dbd41599ac514e40fed1a4a5e7b3f08f3d4cfb6009cb571e263be7fa81c5068389ec9c22faf5a9dc435d52a263eafbd14b16fffef2877743dfbaa0d139acae326460f8f679f377717fef3695b6f1f773e3fd69c398fbc356d2d2af6f4988a2c496ad67d8b2f50cee6ef6f4ed13c603516de8d4291895b2d1fe49ee795253f3d8bae32c5bb69ee1d0e1cb48d2ad95e0054160d080705e78ae4f95b296ad3844cf6ecda30f5673767743a6d16d15dd489bf029d18b16be3cb26d985f95edf406236bfe3ac61f8bf672fe425aa5ed6c344adab70fa453641011e101b46ae56d9d5ed713a228129f90cd9933c91c3916cfa1c371c4276457da5ea3513264703b9e7cbc0721cdbcaa946d349a18f8d0ec255b364c1d6569bdef268dda78a77fb46c444161e992ff7efe788def39722c9e95ab0eb369cbe96b076a57858f8f0bc1811e04f8bbe3e7e78aa7a7135e9e8eb48b08a8e22e2dbac42ccafb3c35287d3c6e08dcd2a24b4c4554ba62e36d8f212b0f496183cac5fe1669e5daba40594a2ed8ba62e3ed7cad85212d09834181c6dfbb9c17d290789192b8344440e5d706fb661e15cbbd4196312b097dd9adb28c6949180c06640e3ea85d6eccab3556a37fe56465157231269d8ccc42d2d2f34948c82621319b4b973228abc12e41db305f1e1cd48ea10f75a8f18376cdda636cdd7676e4575f3cb9f4b6946d60346ae30568d3eeade8658b5e19d9aae5ed65ece80d46f6ecbdc88e9de7d9bde762b969754d3873fcd34aaf198fcd2566cc8f155c71c165d1529ab477c678fa17621efd163cfe45c886482e47be80c9e35f84ec7e819bcb0ddcd836680e5cbe22db63fb01dcbd154031293d7a5398e582cf91cd38d9036491f1d6f3e4ae4a28274be8ff1241ff1d8f5a71839e37f6ab3d434cc4388cdc280b208d8496432805e8f13e2d7f1e76ddb08b0f71b10afdabe2ffbedfccb7df6dae717ba5424efbf601f4ecde92be7dc2f0f773bb8ddecc7e8f87867fb964fdeab71af5a80b8d78cd7b953123bb447f3b77f3c839ff1d57691b634e2e0ab7f249dc2aa582fb7bb7b9b666be1c9fc5b1e3f11c3b9ec0a9d3c95c8ecfc468bcc3f440e50da19b1e2e08597998576779e44dfa0db7ddaf5e7f6afaaa10144af399bbbeaaaa9fa6be2a841b2c23fbbfdb71fbac2f0220f705b27caedd5ff0ed1bd70dd72300390998b240daf82dc9cb7ad06c748beb7a96ebf7ea68e7534e17e9d201ae15a0d9bd9ce2e261385e35ec9aea7f07b8bad8d1aa950fed22026817ee4fbb7601d8d956ee45968c46c4e2924aab90acfeeb282d9b7b47afb7b09ef541a337de0fde7d74699bf0294b4e9d4eaa70ed5b76f234f1639fc5f9d187f178f939141e159f361814e84150a007c387998f5537184c5c8ecfe2525c064949392426e592969e4f66660199594515cab885909708593b1e2520266e26b6dfdb98b28e505acc95a33b811a8aaaa8adb4ea53725eeb8bbb37e5a6e852da66d2fe67aee6a27e772e41e33a21a02567e65832e725a09fb315c3e816d70ded26b915f9de4bb66db8e17f67c83f9c866354ede3ba1572195e9e8e787a3ae2e5e984afaf2b7ebe6e0406b81312e285bb9b438d65156eda4ad617dfa0f46b8aff8f736eb96e3098f8eefb2d4b36ad9fdaa8a7cb5769f4c60bf0f6db0f7dfbf997eb46ceffe5f972ef4ba248fa8c4fc160247fd1320a56aec5f9d1a1b83ef344b507562995725a346f428be6b53921afa25a4fbe282d5686298fecff6ec6fdb31ee50cce9493681ee93dc6e13baed31523d5e036693652db246c22235052fee8cfaac9227f85397e50de3e00d3b1044a961d408a1a56eb91f6b9090ff0dc8407eef87ec964a270c366727f9a8ff6ec7900f4971328dab40d877ee5c395172eda4b681bdfe84df7c2b04b238db0ba99a71eefb5431084197f6f3c59eefd82157fa13d73bd2491a4d592b7309a4bfd8791f4e2eb146dde8e64a8c3d0c9d81f89edd197f33d22b9d0ef6d4c80e2ddc7b1b5e023535af529b959450876d7dfd3c798eb4a291eeb8d7962ac45979884aec801c72e6d50d630ddf15a1f6987288e05184dd3cf5e3407076cdc400dfc7d75863e3995ac39df13db7728a9af4fbb66b857c9f8f44ba41bea71e7e616f3dd0f5b96347627d58ddc13232fc0fc5f5ef83035ed93a8a8deada3ae5698741a3a0849af27fbbb9f3166645e6f2c8a146fd941f1961dc85d9cb17fa0170e7da2b0ebd61999a56b385f5bef9a311e3a8b615c68ad472ca1c7381cdc7650b82a81ec6f366267eb72bd8fd42b47ed5c5d1a169f22a1df0b5c3f302694a647e653d34db0d29d9b9000f9d3f763e7df16fb1028883d44fe912c1cbbdfbd833f75971328deb29da22d3b283b7aa2d2760e03fbe231e979841b1e5273fe6f23513d5b35ea7ddd9bb9678c1720a2addfb7737fdc1af5eacb03007372bdcb6323707a742885abd793fbfb6274e72e94bbc794974fc1b2d5142c5b0d4a05366d43b1ed14894d78289a362d51fad4625d17321abfef9e444e19a6b87da43eff25a68d9f92796c105eb5ac602b95f8e0317d0285abdec7b4e84bcc691a668fbb3a340c388329e94a2cf75587d28df70332e515ebae7259994fc18a9d0098d6fe4ca2da87d22b05234b561d42ea3eb84eb62c449d0edd8518b467ce537ae438a5078f947f00df84a0d1e0347430aee3c6dc52caf7e4a924962c3bbce4ccf14fef995117ee31e3fde2b327978647beb364d080889137ae55652a15ce231ec679c4c3941e3d41c1aab514fdbde5d644708391b2a327ca3dd5658e0ea802035005f9a3f26d8ac2cb13757020b69d3a54af9043536cafee95581d934600000e1f49444154fa07e33ee6573216e5a1bb980aa1b5fc658b8a50f88fc4a3fffb646d2c7f49ee6e76ca498bfea4706a6f1c35ed6876e108688f7329e259f498f7086501a1a8007d72d1758797e2fa534502c83a41f1b12b6f641da2e4fb1b3a5ab59a928f06737b3bbbe531e6e651b2f700c68c4c0ce999e8e313d1272462484aa95131409b0e11383e3800a7a183913bdefa1432184c4cff6819d3a60dfdf6f151956fef3546ee29e30578e3f5c1df7ef0e1b2917fcc9f5861ccb26d87086c3b44d0e4fdb728d97f88e21d7b28d9b517fde5840aa481585884f6e469b427af97dfd1b40d2568e9fcea95294aa1342d0db9c188987e849c45e6d30855419e95b4cf467ba5fd55e49e7e953a2644c06dcafb646dfcb8dcfb8a902ea8f9161d874879fa6be4739e454d2a39df7c79cd852601180d66a3cd9a4fdae2de347d389092e885d7da0840d981bfcd2376c8005c27f64030e8915142c1175fa2cf324f9dedafd6f3ac447f55150e3aed9973a4bef16ee50d6e42d068b0ed1c897defee383cd0abda99d12ff376e0ec6c3be3f151dd1a65e65055dc73c6fbd4e3bd763c3d61ee8c79f377cd18ff74ef4adb090a05f63deec3fe4ac139437a0665474f507aec24dad367d15d88452c29a99d32b18b498a5a7cd39b2ed8f8d943cef577a42ada3b2cd842931b16a7d20dfe350910fc87e0f1f03764adbae198524d284dbf1f4ddcf38be1d87c127bdcfca009317bbc1581d8b587826350fac1b3c47c70439331e370b02f2663c5df00a8274cc46bc8f5ad38c5f965a4cd4ba068d521a4489f2af5f7edeccc1d210828fd9aa269d5029bf6e1d8b40b4713d61a99aa6625902ec6a433f7c7ff6fefcea39abaf238807f814490454059954d0ca830229bd5512bb47aa8b5b41d2b585a97b1162b23da5219e8e0bee1c669a7ad75ea821bb8401851dc172c812a5395ad282002b2132408912d90c5377f84dd20888484e47ece79e7c4e4fadef3243fefbbefdddfefde6265dcdf3564930f5e45e18217008e87fb6d4dcb0871ffeb3486fbc409af7e24d4866e620cfa3c0f8c98e7d1fe9ea09c8d96c222084acac02f2983a0f22984559c97267c74a74a973488d4870a8301fd1ddb31ca9406615bf05aebbc32b54bb5f3ad696b1dd0476989c798f6235bff1e0da356af4575dc46509d6e41a9bb07c3f2a001ca57eeeff448481fea2b57c374d5df309c060086181d1e01a1ef37684cef087e358f15300b990395e60c34de06004be84eebdac369cff5048eef07e26e83b7a9e7c94aaabddc5a57515787fa781bd08c0d413736027dcce8d63599cca1ce18dbef1b882d2d020487442130706ee0129f5dfdda87bc1bf2d3237b121595ec7c322a3995797a35864bb9589d7c134258db801700683a7a50ed21965e347021e409a0325c07746de9ad07345876eeb98082c2aaaf8e1efc4ad23c5585a0b0c10b00be2b0fad3035d53fb46df302599f0a31881212b3b12620f26056c61e3f599f8b340dd964fcbe484bbd98c6a9b1323536d675b59bd8b7cb6762682b2ea986dfea63a9e9f7767e24eb739136850e5e00a87e9a7ce9f113c30f674cb71d6d6c249febf0120383c7e363c53f8ec0f343d739d7af44f69cfcab2014627a646f82023c1704049e048733784b7812838ba228acdb14032dcd61dedffa7b0c99653adf84428f793bdbb895e9969d5dc13a7174e52b53ca068b90fd180db96c8800a85b4f86b6c5cb8f535a72efa3b1b809d0d285968b23d4dbee2335732526e40b396cf0eb008d719d93e885682978085ee97388408786bd33b40c25dd907a55bbfe27db0f96ef7fbc82a32792b66467ec55c8c74292284df00280b7cf8f7f373018717cdf8f4ba1a626bb8b8eba886f511e9ad4e53db5657bc00899d31a746c54ae5982da1b9d9edd421ffa516760e2642839891e0da8f8c00dcff33b25d10b9fa06cb137ead3bb1c0a1aeb8f60ec52c78e377a6bf706c9f683213ae62eb6ed888dc9ce0c1bf209f6af43292e9bdbc444059cf83df9f1962ddb6325162f1b0c14fb4a47e032ec4163885f8a8e7f87ca870d008478b6b9237055186de5766a51ebb3138dcde821891e50d5013a92e885a85ef77240024073e89728bc54dafaa73eb46b9d1bddfd78f2e0e6ad87d8b13b2e4bd9021750b2e005808769bbb79e8b4b39be6bcf45991c5f5459297e61e88ff197236073f90ef49dc46fd5ddc8013877daa7516aed8bc184cbb198c0faa175364d126a33fb56aee7456e343871e2d71adb22303137151373af61e4c7e2eca3e6dd67d0f21aede4d1ef777211f4af286cdaf089bfaccf4516942e7801202b63ef1727cfdc61fdfba76bbd371e70ad338739a7511a118fa65a210cf69d87c58518582e990441618e782eb1933f467b580300544cdd60badb1ffafb8ec0c8a1d3d8b89edf29dd50d8a59a86b0baf5662bc31fe69fb6654118c278d336712fcaf9038d9cbeb79337f7ee172020f024be5c3673cbc221bae2c19b52c8e9917d919319f64ef851140a4522aba0b51f0cda716913df853a0ea305b5680afd0ec5a10018b3306a47308cc66ba0214ebc54076d8e73972f477bfef2f6ec9df6e98ef987913f5ef204a2e60cf172b3b4f95df7036d078c70026ad38bc12be382d69776e5af53ab47faee243fc637812731fb5d7bd6d7abe729cd0daaee94b2e76d939d1936f6d88924d6f69de7076f0cac610bab9b3f40bd730e7b7e129ef978a2229d0bb4cd4f7ec36b55351d7155455169d380b49317bf256461754004967c3e7d4bd8aecf87dcb29c0349a9831710f7c0d1317f1c0fd9c0045fd0f7aa4efd27048ca6c2faf65d306e46c030e8e38e8a8f4759ed97be14ba96e711b29f8057dbedfc189fc29c75095637cfc39a15011d46c747a27a71e683aa6ef77bc33c885a3b5215d0fadc4e1ec45d4c4540d0e9bc75419eee015f2b6f8fdb46e98317108f81b31e956ff15b750c75753ca91eab217c397227cf40414409e816f630f0dd04dba815000095e18086cb5b0000d199844e9d6f33aa7cbd51346d2a8a6f9476ec4cc7001aa6a6186e610e75534bd03a253369d88bd7e9111d3c87ce7d2a55c0425d3e00d843cb46bb6fed18035c1aa81ff61f88c7ba0dccab0f5277d92e54c0dcdcfe20c1dbea52ec3fb7eae86a2c5bbcec579497d748ed386a266600007ee85ed414704135b0c1392f2e854195d440d5c6595c348e138d921fe2c16f6e405df45e3c6f2d3da335a1536ade2b86a2c35cdf69ed2fafa364cd5134d53643509088c279add5249cde839676dfdb898f274eb6e79594b66f7c2917a1e30b8458b72906ff3970f3e7ecccb079d23ddad0226f8fed64eea7fd37dca299ff6385edf2c1f4bfda0cfc0138897834732d248db035f75d82a587291a22fc501a2a61a976a7b5b0895a04a41f459ecf7e80e10f9bcbcb5b83af01953e6ea84d1717971ba10dd485fba13c4cf292effa671361f2177154f6da8e91df5e3ea7bb374ab6ef4555551dbe0d3a05a1e8c5d7cc536b5e2ec4ace448cfdbcd37fe1e89eb823cadbe5a752cf5d0918481bf9165e806eba88d2f8d2235d61f808587b857d55efa0b46afffb8cbe76a1efeb00c5f041a00b55123c5ffeb4a2c1cd791903fc2f7178cd9f669b7cfa760d4d95bed81fb3aed24e92dd9bebf52529fc0fbb37d709c6cf93e095ce2b54d74083ab06acd31ead9b33a8aa25e0cf0d644f1ab9e522d554f2901af8736bc3aaaa5ea29c5af6f7ab36309c4fb69a9aaa15e0c443b296e2291903a78389e9ae41c9270ebd68371bd7f4b04d18355ab8fad98357b3b95743b47263f6665daca2b6aa8a5cb7fa5bc7c7ede2cebef9d5010672fa438db3906276cdf798e6a68e4c9fc47ae88dbb9b8fbd4b4999b12befffe4acf550309a2bf7cfd0e6d9efdde4e2a31295be63f7645d94acbaa295fbfc3949d4330e96d09e98a8dbde766e710c40c0c3e45b12b6b65fee31faa5b4b0b9f3a7ce437ca79da86848d5b99a4b725064fc866a697cbd4f5ccfd076e503c5e8bcc8361286df1b71e50733df750cb7d0f90de96909dc0e048af773d429967cfdda5040281cc03439eb7f48c42ea0bdf83949d431033f6c23dd2db12f2212030d26baee75ee6858b299448249479a0c8d3f6e06109b5d2ff0865e710c40cdd7dde4bd6df154148d416c467a29395fe72fa4e722eb5c22f9cb27308626e0b25413bd0c8f4482909088cf4ba9bf264e167de53bdbd16bc055313e94c2194373c1e1fd76e6422f2d46d968e8e26ebbdd90eac458b4822813490e095b2e090d35e97af662e7c7ba6adb7d7fc29709b3501349ae295cbce795481ffc6dec3a5ab1931d3a7da301569057a79458277909c6226bb5dbf96e99effe4a9bbc76c7bf7b91e9331c575acc46548878aa2620eae5ecfc4f51b0f9097c78ef964fe14e68ead0b49d00e1212bc3270e444925b6262b67b616195fbacb727b8bf3d733ca64fb3818e8e7c2ff025148af06766097ebf9d8ba4db8f521fe5b25366cc1c9fbae0c329a9efbf3f394dd6e7a76c48f0ca586464a2737c42b64b5a46b18bc3240b5757672b1727472b383a5a40778466ef3b9022be40889c9c0aa46514213dbd187753f2591666a3584e4ed6acf5df7d44c6b132468257ceecd973c13925bdc025fb51a5cb582b43575b1b13175b1b13d8da9a609cb5314c4df440a70fec9899a228543f6b405111078ff32af1388f8ddcbccaacdcc795d90c6bc32c87495659b3668ccb72779fa414cb880c152478e5dcc5f8f431597f96981716549b1597549b9796d598191b8d30371ba36f6664ac6baeafab65a6a7af093d5d4de8686b60d8301ae87435d0e934a8a8aa40201042201081cf1781c7e383fbbc095c6e23b8dc26709ed517b12bb8456515b545fc6641d1386bc322868d5191cb6446d1e2c5338a65fd6f275e8d04ef10171f9f3e86cd6e30afe4d49b3de7d69b73b94d66355c9e792db7d1ec39b7c95c574fb3545f4fab6ca4def0523d3dcd324323bd526303dd320303fdd23973c697cbfafc09822008822008822008822008822008822008822008822008822008822008822008822008822088befa3f976dd11071b228ce0000000049454e44ae426082, 'Domingo Savio Bilingual School', '#cd6133', '#84817a', '#ffb142', 'rectoriasavista@hotmail.com', 1234567, '<div style=\"width: 100%; background-color:#cd6133;padding: 10px; box-sizing: border-box;\"><h1 align=\"center\"><span style=\"color: rgb(255, 255, 255);\"><span style=\"background-color: inherit;\">Bienvenido a SAOI-SOFT.</span></span></h1><h2 align=\"center\"><span style=\"color: rgb(255, 255, 255);\"><span style=\"background-color: inherit;\">Plataforma Colegio Domingo Savio Bilingual School</span></span></h2><p align=\"center\"><img style=\"width: 239px;\" src=\"data:image/png;base64,iVBORw0KGgoAAAANSUhEUgAAAO8AAAC9CAYAAABbNipFAAAACXBIWXMAAAsTAAALEwEAmpwYAAAgAElEQVR4nOydZ3hU1daA3zM9vSckpBNqQgKEJjVKR0REmqioyFVRUSyoYAH1XhFFr170EzuCKIQOUqT33jskhPTe69Rzvh9DC6RBJiTBeZ9nHsKcfdZeycw6e++111obrFixYsWKFStWrFixYsWKFStWrFixYsWKFStWrFixYsWKFStWrFixYsWKFStWrFixYsWKFStWrFixYsWKFStWrFixUlcI9a2AlTtn8+ZjTdPSiv2ycot8c3OK/PLzS31z88v88vJLfAvyS/0AnJxtk1yc7ZJdnW2SnJ1tk52cHZLcPRyS3b3tkx7q2z6lvn8HK3eO1XgbOL//vifgyInYwNiYzMBLcVmB9g7qwKY+LoE+TV0Dm3g6BTo72eLsYouzkx0O9hqUSjkqlRylUoEgCBiMJgx6IwaDidIyPfn5peTnl5BfUEpWdlFySkpeUkpqbnJuTkmSn59rcoC/e1Kblt7JoaHeSX2txt2gsRpvA2L79lOtd+65FHryVHxobGxGaJvWvm1atPAKbdHcmxYtvGkW7Imzk22d9K3VGkhIzObixTQuxqZzMSaD02eSjuTllRwOa+N3pFf35kcmTRp0tE46t3JHWI23npn1xerehw7FRcXHZ0d17tQsKrJDIO3bBRLapikqlaK+1SPucibHjidw7Hg8+/bHHElLLzjc/b7mR4Y+2OHI0KEdrcZcj1iNtx6YOnVh71VrT0QFBLhF3d+7TVTPHi3p0CEQlbL+jbU6YmLT2bX7Ajt3X+DI0fjtnSMDtw8Z2mH78KGdd9S3bv80rMZ7l/jtt529t+w4G5WeXhA1sH/bqIEDwmndyqe+1aoVWdlFbNx0ig0bT3L0ePySIYPaRX82c+zS+tbrn4LVeOuYN95aMGLL9vOj+vcJGzlieCc6dQyub5XqhOSUXJatOMTK1Ue2+/u5bx8yMHz7qFHdrKOxlcbH5DcWjOgzcGb0vPk7pPyCYkmSxH/Ey2g0Slu2npKeenau1CZ8SvT0j5aNqO/P4l7FOvJamMlvLBiRnJI76pmneo3s3zcMhUJe3yrVG6fPJDNv/i42bjq15OGhnaL//eGj1im1lYbH5DcWjBgx+qvo7TvO1vvo19Bel+MzpClT/5BC271jHYmtNBwmv7FgxJBHPo/etPmkJIqmejeUhvyKiUmTXnntN6lN+JTo6Oi9vev7s7PyD+WtqX+MuK/H9OgFf+ySDAZDvRtGY3odOBgjDR/1X2nc+LnT6/tztPIPIjp6b+827d6KnvHxMikv/5/jiLL0y2QySouX7JPu6/nBtqnvRVun0lbqlvHP/TD9oUdmS0eOxtX7l/9eeWVlF0ivTfldahM+JXr16sMd6vsztnKPsWjZ3g5t27+z7etvNkg6nb7ev/D34mvLttNSrz4fSy++/Ou/6vvztnKPMOHFn/7Vf/Cn0tFjl+v9C36vv3JyCqWXXvlVah0+ZW59f+5WGjmtw6fMfXvan1JRUWm9f7H/Sa8/F++V2nWadvjP5fta1/d3wEoj48/lh5uFR049vCh6b71/ke/kZSopkbSX4qSyc+elsjNnJW3cZclU3Lica2fOJkn9Bs2UrM6syrFGWN3Eu9OjB+7dG7P+v7MfJyLcv1ayjEYTO3ae5+SpJAQB2rULoGf3lsjlMgtpC5IkUXb8FCW791F2/BTaM+cw5eVX2Fbu7IQmrA02EWHYR/XAJjzMYnrUBfkFpbz1ziKysgtnrFz6+of1rU9Dw2q8NzBizNeTZDLhf998/RQe7g61kpWQkM2rb/xOTGx6ufeDAj345ONRhLf1q5V8fVIKeX8sofCvDRgzs+5IhsK7CU5DB+Py+CiUXh610qeuEEWRWbPX8vvC3UvOnvx8VH3r05CwGu8VQtu//XVUr9avfD5zDDY2qlrJysoqZOTYOWRlFdGyhTedOwWTkprH9h3nEEUJpULOf794nPt7t7lt2drzMWTNmUvxlh0gSbXS8xoKBY4P9sfjlYmofBtmmuLvf+xh1uy1Z/73xbiXHnigjTVbCavxAtAmfMq6x8Z0GzTt7YeQyWo/pX3l9QVs2XqGRx7uyEfTh1+TeTEmnclv/E5CYjYajZKli14hKLBmI54hI5PMz76m8K8NtdavMgSlEpdxj+H+4rPI7e3rrJ87Zeu2M7z5ziLemDxoxhNje/zjp9H/3JQXYMEfe0ZciHFf+a9n7+/y1ptDEITaP8vS0vP58OMV2Ntr+OWHCeVK2bi52TNwQDh/bzpFXl4JBQVl9Otb9bpTEkXy5v9JyqQpaM+cq7V+VSKKlB07QcGaDWhaNEfl17Ru+7tNgoI8iYjwZ/qHy6JeeeWNqM2bFv1W3zrVJ5bznDQy5i3YOWLmrFVLXp3Uv/nkVwZaTG5sbAYAAf5uFU6/3VzteXPyIAB2771YpSxDahoJTzxHxidfIJaUWkzH6jCmpZP4zETSP/4MSW+4a/3WhK6dQ/hx7rOsWH0k6pXXfttW3/rUJ/9Y4/3s878+ee2VgTw34QGLyrW31wBw+XIWJSW6CttERAQAUFrJdYDCjVuJGzqGsiPHLKrf7ZD3+2ISnvwXhow7c4jVFe0iAvjxu2fZf/BS1GezV/9jkxv+kcbbJnzKuheee6D5hPFRFpcd2qYpTo42lJbpmfnZmgrbxMVlAhAS4nXLNUkUyfzq/0iZNAWxqNji+t0uZcdPcXn445TV9ZT9Nmkb5sf/zXmaxUsPzli48J+ZXviPW/O2iXj763FP9nji9StTV0sjl8uwtVWzc/cFzl9IJSkph/vua36tMmR+QSlvvv0nuXklTHqxH21aX19XSkYjKZPfIX/x8jrR7U6RSssoXLcRu66dUXp51rc61/DxdiYs1Jdp06O7Z6TunlPf+txt/lHG+8ioryd16RQ0Y8b7wy3inLqKJEkYjeK14IuwUF/y8ks5fSaZizHpLF1+iLjLWezYdY5PPl1NSmoePbq14K03Hrymh2QykfLGuxT9vcVielkSSa+ncP0m7Lp2RNnk1hlDfeHn54afn5vbidPOXbIy9iysb33uJv8Y433n3eiBWq1u4ddfPmmxulIlpTpmf7GON9/5kznfbiQhIZt+fcMQBIFePVvhYK/h8JE4iot1nL+QytlzqZRpDfR9IJTZs8aivDIaS6JI6lsfULRuo0X0qiskvZ7CdZuw7dQBpXeT+lbnGi2aN0EulzWPS/RyzcrYW3d7aQ2Mf4Tx/vnn7mZ/bz518Ofvn8XOTmMRmVqtgfH/+pHNW89gMJgAeP5f99M8pAlbt5/FxdmWLp1DGPFoZ7w8HfHxcaFrlxAmTxrAs89EoVSa//SSJJE29UMKV6+ziF51jWQwULh+I3bdGtYUumNkEOnpBV2a+PbKPXNq/cH61udu8I8I0ojs+u7hPxe8FNk8xHKjxcefrGRR9H6ahzRh8isDcHSwISLcnwsX0xj75P/h7GLLrP+MoUvnZlXKyfj0S3J/bXyzPbmzEwF//Iy6WVB9q3INvcHIuGe+p3OHoEFvvDHknh+B73njbR0+Ze4Xn419ftCACIvJTEzK4cGHZ+PoaMOa5a/j6mqORiop1TFizP9ITMwBQBAEJoyPYtKL/SpMRsj5eT6Zn31tMb3uNoomXgQu+qVBTaHTMwoYOWYOH77/SEifPm0v1bc+dck9vVU0fsIP/xr3RA+LGi5wLUZ5yOD21wwX4D8zV5GYmEO/PmFEdghCkiR+/HkbqWl5t8goWLWuURsugDE9g8TxL2GsJIupPmji5cTsWY/x6psLf6pvXeqae9Z4FyzY0SG/sPSHutgSys4pAsDOTn3tPb3BSGGRFn8/N/7z0Ug+nznm2jVXl/JxwiX7D5E67d4IzdXHxZM88TVEvb6+VblGl87NePaZ3lHjJ9zb1SnvWeP9cs7fX3w2c0ydnLzX1McFgI2bTl1zVqmUCr75ahy//zYROzs1F2PMqYCtWnqXN/KEJJJfeQuMRovrVV+UHTtJ+vv/qW81yvHyxL6UlBlm/Pbbzns2gOOeNN5x4+dOn/L6g1HNguvGG9qvTxh2dmoux2fx9rRF6HTX43/dXO2RJIl5C3YB8MiwjteumYqKSHphMmJBYZ3oVZ8UrPyLnJ8aTp6AQiFn1iejmfPdxhn1rUtdcc9tFf38287eiYlZ896b+rBFAzFuxMZGhaurPdt2nONSXCYbN5/G1cUeNzd70jMK+GTWarbtOEezZp589MEI5HIZkiiS/NKbaE+crhOdGgIl+w6iCWuNOjCgvlUBwNnJFrVaEejs1pXjR/+653KA7zlvc/tO07atWDI5KiDA3WIyk5JzWLR4Py++0LfcFPjPxfuY+dkaTCbxlnu8PB35fd5EfK5MsTO/+j9yvvvZYjo1VGT29gStXIjKz7e+VQHMlTjGjvuOwYMjop56vNc9ZcD31Mj79IS50x8Z1vHpPveHWlTu1HejWbXmKCtWH8HD3ZEWzc1bI23D/Ojfry1FRWWkpuWj1xux0SgZNjSSr754Eg8PRwCKd+whffonFtXpFgTQtJbh8IAc58EKnIcpcB6ixLGfAvsuctTNZAg2AsZsCepwuS3p9ZQdOYHzIw8hyC3z9dIWl2KUKVHcwSJPEATahvnx+psL7TLSdi+xiEINhHtm5F2+/GDvn+bt2L5y6eRr0UuW4viJBD7+ZCXnL6QB5mie96cOK5cVJIoihUVaHOw15fZ0DSlpxD0ytu7WuTJwiDIbrMJNhqlQQntJxJgpIZZJCEpQuAqoAmSofGSIeoniXSby1xgwFdSNSgAuT4ymyftv1U5I/kVmPP0LS+LN/+3z/Cg+mdiBO6nxMWv2X+TmFo/8bObYe+aY0Xtm5D11zvnz/3w8MrQunFRNmjgzYnhnXFzsOH4ygfj4bJYsO0hRURntIgJQqRQIgoBGo0Qmu/48lIxGEv/1CobEJIvrBKD0FfB+U419dznasxI58w3kLDRQcsBE2WkR7QUR7VmR0iMiRVtNFO8xgRHseylw6qvAVCihT7RQHayb0J48g7pV89uMwColLcuAg50SKGXxq1/x3ZnrVy8fOcNWyYexnW6/WF54mB8zP/tLSErYfs+MvveE8X70n2UjnJ3tZkx6sX+d9SGTCYS39eORYR3Jyyvh3PlUTpxMZOWaI3h4XJ9K30j2nO/rrOaUbXsZTd5UI2oh4ys9hZtMGHOqNkSxFLTnRIp2GlF6Cbg8pETuJFB28tY1uyUo2XMAp4cfRG5nV4PWOtZO/ZAnP7hI76e74mm8zCcfHiMD6PPmWD7ob2TV9mzyjpwn8OFetHC4vTm0Wq3E3k4d6usfdWb/vhVn7+gXamDcE8abkRs44+svnwx1c7Nc0bTc3GJOnkoiOTmXxKQc4hOzSUjIJiOzgKBAD7w8HTl1OpniYh2btpzm0OE4unRuhsOVShqlR46TNu0jy1V4vAGbdjK8XlahPSeS/oUe020WupD0UHpYRDKA0yAFCheB0uOWN2BJp0Mfn4DTkOrLDOUf+ovHvkwGiolxbs6jHQSWzT1CBvDISyN4qFc7AhP2sClWR6ZrCI92cLltfVq38uHbuZuFmAub7onR1/IRDHeZ6dOXjSgu046saOSrDdM+WMKu3Rdq3D4uLhP7KxlLpuJiUqe8B6LlDULZRMDzeRXaiyIZX+mhFl0UrDMiGSTcxqrQJ4kUbjFZTtErFG/bRf6KNTg/8lAVrUwcWn6l3E9gOJ+OCQDtRa6O10mpeRDahNbtm8D6BFJi04Hg29ZFLpfx0sS+I5uHLBjx1RdPNvq1b6M33uWrD41auWyyRWUmJGRz4GD5mPY2rZui0SiRy2XIZAIKuQyZXIZcJkMmF3hkaCQODmbjzZz1NYaUtCr7KJS34z2VB6mSllcMp+hlqll8sPuzSkyFEpnf1s5wr+mxyYTKz4jLaCWlJ0WMWZafKWT8ZzZ23bpUkUJoJLfMXM8r4qGu+CsAhTddA2FvPFyMLYWecXz1ScKV9nf+tR3YP5zvf9o6CrAab30yffqyEVqDfmRwkGWdVAEB7qxZ8TozZ61h+05z7abiEi2vThpAj24tqry3ZP8h8qOrKWMjhPCeypkndYfwlgUzWdWJBMMhnjRWbcB2neVoQuSkfa5DLLmtX6lKchYasAmT4zJCQdZ3VVWLVFAoc6IEJSWChjxBQ5mgwka8TCdTUaV3iUXFpH80C79vv6ikhZrQtt6wPY2U2GzMo6oDraIcYF4RJ/bEUPxMc8qutB42vPmd/aKYt45efL7vyKCAxj/6NurwyCUr9o965qleFpVZVKQFwLepK9/+7ym+/d9T+DZ1JTExh+df/IVXX19AalrFRiaWlZH27sfV9rFFHUSqmEonMR9f41EW63NYpQymuuKuTgMUlJ03oT1r2em4pIOCdQbsOspRuFW1e6hih6oDk9RteUcVzEm5C/9TeDFLWf3RLcWbt1O8Y3el10PuN9evzl6/nJmbEtBq0zlx+PoDQaEJZuq0AIIfG8WkTre/3r2Rvg+Ecj4mrdEfndJoHVYLF+7tLUrS55Y03pJSHQ8O+4LzF9IIbeOLg4OGwAAPRo3ojFwh58TJRGJiM1iy7IB587+tX7k93cwv5lCyc0+1/TQVRcoUwXyibEobMQOjPIhYKZVBpsr3ghVeAq4jleQtMWJIsfzUVp8q4TRQgVgMupjKHg4GWhrjGGUyECd3JEiCEzItc7THqMnJTmXHTuE8ZjiC4tYJn8IlgBYZe9hw3sTJTYf54af9HDIX2SRidH9Gd3DBJbQTY3t413rEEQQBhVwW6hfQuD3PjdZ47Z07PT3hmd5Rfn5uFpO5avVR1m04wcWYdBYv2U9ZqZ62Yb7Y2qrp3DGYBwdFkJSUy6W4TA4cvMSRo5d55GFz4oH2YixpUz+s0rtcKnOjDAN2Ui4djIl0FjyZpmrJBpmeD3SncaxCN7sucmzaysj+1VA3EVJG0DSXofQSKN5bneOqELW8Jd/KTczW7sVe3opfVf4EmtKoalNILCxCkMux69KxgqsymvVojbD3utEC0KUnCz/oUqOHw+0Q0syLmZ+tadT7vo02wmrw0M+2rV31ZpSl5W7ZeoYvvlpPQmI2AM7Otrz4fF9Gj+xyrXDdth1nmTlrDZNe7MdDQzoAEP/4BMoOV1Ug3Y93bFoRC4CJjmIZgVIJYWIRSNmEVbFmBHB7WokmREbKe5UXaq8tzsMUOPZRkDhJW2U7kzyc0Sp3JhvSOaTwZo9gHgsn6Hcy0FS1foJKRbONK6qovmEi8cwF4rK0OHn707ale505Zr74ah05OaUjZ/57VKNc+zZK433jrQUjQtv4LbH0evcqRqOJxUsO8H/fbyY/37wSDfB3543Jg+jzgDluWqczoFYrAShYuZbUtz+oVu55VRTvCZnMMaqYpHLkYVGPj/EMfaoxXIWbgOdkFTI16C6LCEoBSSdhzJbQJYhoz4m37cCSOYBNazmqAAGFm4BMJSBzAk2wnKxf9JSdMlG5A9yWDZru/CSUMtZk4i+5LaP0hxhYze9xFadhQ/CZVUkxAmMRp49dpqBES36pluLcMnKKCikoLCU/v5Tc3GJKMvSkFOrJztUBIaw5PIHgO7DwhIRsBg+bveTs8c8a5fq3URpveOTU6G0bp468sQRNbSgr0zP3h608NuY+mng5XXu/uFjLjz9vZ/7C3ej15rlqh/aBvPXGg7QNMztpxNIyLvUfhjEruwY9ObBc05U/BJGJ+h30MVU9/7XrJMexv9nDLEkSkh508SKSHmQaUHrKkDsJSEaJ0pMiBeuN6GKrdmZpWstwGqjAJkyGIBMw5kkYs0VErfkhofIxj6KSJKG9IFLwt5GyCgI4TIIDafIgPlB64Slm0U9UsEvuSLjxKMOr8ZojCASt/BNNq4q8xtnMbDeb36uWUI4hn0xm1uA72+d/ZsIPDH6wQ9So4Z0bXcZRo1vzLly4t7dao/j86lrTEixeup//fbORPxbtJTk5l8AAD1xd7FCpFNzXNYShQzqQl1/CxZh00tLzyckpZvCgdgBkz/2F4u27qpRfKG/HFE1bfla4c78xgyS5E61MqQRLFW/LKH0EvF5V4zRAgTFbIm+50ZwRlCmRMVtPyT4TxbtMFGwwUrzHhDEfbNvKcB6sROktoD1njp66EbkTeD6vwnWEEskA+WuMZP9mIH+lkeJdJkr2mZD0YNdBTtKbZehTJTTN5DgPUqJpJUN7UUS8wR0uQ8EOVWuSKaYNSnbInbgkyCgTjPQ15VT7NzekpOA0dHAFV2xpFZ7HvLVp4KqGsqvrbzUjn+/E0AHhPDbUl3Wb4q/d4dezE4NaVeUxqBy5XMbKVUfiTxxrfPm+jW7kHTd+7vQnxnab0a9P1Udj1hSj0cTAhz4n7abtn/uj2vCv8VFEhPtfe+/M2WS+/HoD774zlOAgTwwZWVzqPwxJW8UaUQjhFY0vT+qOm/d0lW70NxXiKMYyxnjrl9y2owyPCSpM+RLZ8w3XtoWqXfMKYN9TjutoJZIWMr7SoU8yO8/UzWR4vWI+sTDnTwMl+yt2SDk/osDxgfJrXpt2MtyfUCKzFcj8Pz1lp28chW05rQzjB4UTtmIWEwzx2AkaFGI2HlL1XrWA33/EtlOHCq8ZtSYUGjnGxJ1EDF0HuPHr/il01uhY++Fs3lphnqJHPD+WPyaGV9tXZZSU6uh5/8fbjx385P47FlJPNLqRV6lpP2PG+8MDLXXqQWFhGX+tP05eXgmODjZ0jAwiLT2fuLhMlq04xIGDl3BztScgwB1PD0cefqgDLi5mn2rGJ7PRnjpTpfwtmki2Scm8ZkzBUUzjUcmZWUqRd/RxKG9qa9dVbg59PC+SPluPMe2651rhKmDfTU7BRmOl3mZ9gkTJERN2HeU49VVQdtqEwlNGkzdVGHMk0mbpq9gGAqfBCsQiqZy32ZguUbzPhE1LGU6DFOiSRIzpV/Wy46jSiX76wwzAi1dVIayXe7FWEYRILmFi1Y4vQ1o6zsOGVHhNdiV5V+bUBJ/z29kaX0a8UaD072imXzHc4MeGs3hyh1ptHamUCs5fSA2c9PKU7cuX/5xQ/R0Nh0ZlvAsW7ehga6OeaclSrhqNiqFDOnAhJp2LMeno9Ub+PWMEnp6OXLyYRmJSDmvXH2fzltM4OGiuZQ/p4uLNRdeq2BoyCWq8RT3aGuzpqkNkeE1SUXpUJHOOHm6a9oql4NRPiT5ZqnKfVyyBkr0m7DrJceitwL67HGOaRNpMHWIVhw4KNuD2pJLiXaZbDFzSQ/E+E+oQ83q59LgJsRBAS4gpDXd8+FDtz0D9IabrzzJK1DBD5cv9xuQqt44MyanY9bgPpXdVZx8pCAoy8cPSeDKOx7H7vLlKpfugoaye3hXzfELH2lkLSW3ZjsCaJDDd/LsDK9c0vqlzo4qw2rzxbGTfByxbJQPMJVy//XocT4/rSUZmIVOmLqJN66Zs/nsqL7/YD2dnWy7GpLN+w4lr92TP+b7KxIMsRVdGa3oxTuXMSO02Zht1zFD3YrJC5GV9+fxeQQUezyvRp0hk/aSHCmzTmCGhixNxiKr+eSuWQcbXeuT2ICghY44OqZrKrA7d5QhyKDlQyR6vCbL+T48pV8LzBdVNj301peTx4FX3tFSKDzbk1GBRlv3tD9W20bQMo9uNb0T1Y+3MbpgjyXVsmjWbt/48xw9L7yzeolfPVpw8lRB1RzfXI43KeI8eT4i8r8udx7XeTGbm9dFPJpMx5fUH+feHI5BEiXfeXcxPv2zn+Qn3s2XDVKa9PZQXnusDmAMyCqs6FEwI4WOlktnaozwsuLJX7g5iGrP1MczQn+Tm6k5OgxQonAWy5uqrNLKCDUZsWsnRhFb/samDZAhyAZlSQOVbdXtBA06DlZQcqjonWCyDzO/1KL0FHO+/wXqlPCJw4WdlMPHyVnyqaU6xmEirGgSClezaV83ZvzrWfjiPvVf/G9aT7V/1uVJNw7z+nfyneRp94u/L3MmJxjY2KjpGBkctW3244gV4A6VRTZsHDHx8xphRXX0sIev4iQSGPvpfFizczY5d5zl7LoW09AJCmnnRp08oe/bFsG9/LKdOJ9H3gTA6Rgbh6Wn2aKZP/wR9XHylss3r3CTGSC7MlTtyRu7BGrkr/qYLdDOV35AVlOD5oorivaZqI5sMqRI2YTLsu8gp3mu6xaN8I57Pq9CnmPd/1cEycxWNSnB/Sok6WEbmN4ZyHuWKMOWD0lvA/j4FhRuvLr7L6CCKnFQG8bvCjnBjPBNMShbUIOoKzDHhjv0fqPBaXPSPjP/xSshVYCSbo4dhnmSXsmLqp0xdc0Vh19YsXzESnzuM6MjLK2HzxtNHjh1dc/TOJNx9Gs3I++9/L+vQo3uLSEvJ++mX7QAUF+s4eiyePxfv46P/rODxp77jhZd+Rac1W8buPRcZ/fg3FBaac1p0ly5TtGlbJVLVFApqeuhjGCQEMV7lzf2GQ/xStoWlZVsZaLrVMmzby5HbCRRuqlnMY/bPBuQOAp4vqSr99FT+Aio/GYWbjRRuNo/WCveK57CO/eU49FCQu9hQ43TAws0mFC4CNjfOAMR4ntVuZZY+nSJ5M15R+ZAoc2O1wrl6ees2YciouKJA8P1dcAdwDWfN0pF4A2bDncV766943gMjWbPxKVrW4gDInj1asu9gjMW+X3eDRmO8J04nRnbpVPWJezUlPaOAHbvOA+ZghHYR/rz4Ql9ee2UgA/uHE+DvTmnZ9fmrSqXA0dEGgJwf5lUqN03ZhfEqP9RiPM9qtzHbmMcqZSfeUVWeOG4TLkOfImJIr5nhGNIlMufq0bSQ4fWaCplNRTLliDpz4EbJUROSKGETfutH7TRYgetoJYU7jBTdRiK+7pKIMU/CJrz8xO2Quh8TVT4gGehoPM2n2gT2KFtQbek9o5G8hdEVX/OI4MOnI/l99dgrUVRFLJ58g+GGdWXzypF3FGF1I8FBnri7O1oueOAu0NE0BmsAACAASURBVGimzSqbyOemvv1Qx4pO27td7O01DOgXTlmZnthLGaSm5XPocBwGg4mxo+9j2jtDeXpcT3r1aEWrVt48/FAkvk1dMaSkkfbexxV7mIUQ3lXZ8on2PNs1vckQE4gwpTPKVIYbhXhLFW+buDyqRBsjUnai5ml+xgwJfZKI0wAF9p3laOPEcqGMTgMUiCXmKpEYwTZSjiCD0mPmPmT24D5eiVN/JUVbTeQsqCqHt2LUwQIqH8HcxxXcxVyGGc4RiSffKP0QBQXHZGp6mhKobvzVX4rDZdyYCjKOZAR2DcVbBWbD/Q8fbb/SZ5f72f7rEKryVd8OJ08l+rw15b3oxYt/qEm4XL3TaJLxw0L9Olry3KFmwZ7856ORTHqpP78t2MXSZQc5cvQyR45epnlIE559pjeDBoTToX3gtXtyfv0dTBWPUOYc3cvolB1YISXyi6higc19BOh20KuKMEilh0DxrttP8Ss9JpL6sQ7P51T4vK+m9LBI4RYj2gsiSg8BXdz1h4ExQ0LhLqDwEHDoKcexjwIEyPpZT/HuOyt9Y8yQ0LQs/+xXS/mAJ/+ncmKQMQVkTkzUnyGwBr+eKb+Aog1bcHq4oqgrgDwWTJ7Fp9uv/LdLT9Z/HYUyLZ0LuYVkp2aTnJFHako2Z/dl0vXdF3i20+3lIrWLCGDP/guhQFUetAZDo4iwmjdvS7PcfF3sa69WX8jsTikoLOWPRftY+Ode8vLMTiVvb2e+/fopWrbwxlRcTGyvQYglFXl03Dio9OKUvCnrBXN2TYSsC+/KUvlFF1t5p3II+smG7F/1FO28w/pRV+o2Ow1SoHSXYSqSEFRgSJMoPWFCUIBdRzlyV7PnWdTdULe5FqWknQaaC7snvFB+RqGTd+Rxlcj8sqPY3qZMm47tCazkZM7EdT8xaFoVf8ubCezKnpXDqh3xb+TkqUTen7F0xurlbzaKIxwbxch74nRK8/597zwEriKysovIySnCzdUeDw9HnBxtmfhcH54Z14vlKw/x6/xdlJbq8L+SL5y/ZFUlhgvI3PhM0ZSJ+j3MlrXhTVUvoJSvyqr5splAEqXafQoiFG01UbTNhKalDJu2Mhz7KFB4Cjjer0AySAgqAakMMn/RU3rcRCUz+NtCUEJFEZBq01l+1Opv23AByg4fQxcXjzo48JZr/v370WdaLFuquN/d1YGmze3xc3XGxtmGXC0434YTq0Vzby7FZVs+kKCOaBTGG3sps/lLEy1THfLU6SQ+mbWak6euB0r4+7nxyMORPD62O3a2asaO6cbokV25fDkLGxsVkslE3oI/KxcqXmS+3pFxqo7M1u5kqbEpp2WFt+znVoSpyBz6WGsk0J4X0Z4XUQfLEIsxF6kDmrylQiyj0pjmO0HuImAqrGg+XIpLLQp95EevwOud1269oAjgza/6EZGsxN/LHicPZ9wdbbFxsMPBQYVGoy73ZdZmxbFk1ufM9H2YH5+tuu7YVTQaJQEBbm3OHL9z/e8mjcJ4k1PyQgItcHDYseMJPPv8j+h05YeMxKQcvv5mI9FLDzL3m2cICfFCLpddO86keNuuSqpBOrBT1ZpSKZtI4yk+NXbhTXU75muPE1ZDOzGkiKj8Lev0N6SU9y6r/GQUbbNs+Q2VvwxDsuXL8RSsXofnlFcqPOfIP6oPz1Zzf37cWf74cS3frr+a9LGKg6On0LmG2aMtW3iHvr75WNO+fdun3Jbi9UCjMN6gQI/mtfUyi6LIux8sQaczMvLRzrzwXB+cnWyJvZTBuvXHWbRkP2np+Tz/0i+sWvYa9vbX51t5i5dVKtdBMnJa7s9PiqvbWB58r/TkNUNmpffcSNk5EechCgQV1YYw1pSy8yYc+yhQNhGQ2YLcXqDsvOWK1snsQR0kkLPX8vV4TDm5lOw9gH3PbtU3vn4XiceP8Mt3a1lyoHzWVXBUc2yNJmq6sRLSzJMTJ9L8AKvxWgI/X9eQ2srYf+ASCYnZdOoYzIz3h197PyzUl7BQX0Y82pmnxn9PekYBy1ceZtwTPQDQJ6dSsmtfJVKLaG84SnsDvAiUyjxJlDniZKqZ4QKUHDLh+qgSuy7yctsutaHspIiolbDvKUdma57eai1ovPbdzV+b0sOWL9IOULBmfQ2NV8eFvbv59rNNbIkvf6XbY/14dVwPwrzVFd5ZGX5NXVm7/kTDOJ+0Ghq88UZHH2gSn5RZ64Dmg4fjABg0oGLHV3CQJxOf78N/Pl3NsePx14w3f/HyGh9ZYitm0kqsueGCecul9KQJ58EKc3ikBexB0kPRThOODygQ5JC/1miRAu1gTqJwGqCg5KCpVt7qqijatA2xrAyZTQURKFdI2/s3z724jbhy76oZOWkA40d3wd/+zkIYmjZ1JSExu/patg2ABm+8l5MzfHx9XGstp6DAvP1TlR2GNDOvcU2iuZFkMlGwYk2t+66OvOUGfD5Q4/yQgvyVlpmK5q8z4NhHjmTCnANsIVxGKpHbQ56F9KwIqbSM4m27cBxcxcFxJek3GK4DE2Y8xBMDw7HJS2Dfug0sPJeNDiXNIsLoOzAc7xp6nZv6uJCQlG0deS1BSnKeT+fI2odF+vuZHV5Llh1k+CMdqSjg4+ixeABaXsnZLdm9r4a1qWqHPkGiYIMR56EK9IkipUdrP0w69VMgyAUEOThGKShYX3tjs+9uTvLPXWLAmFE3R4NepXDj1iqN17vfACaE5eP41EOM7heMff5FZr46nd9vWvOy4iSfzljGBwvfZHRo9UEbnp6OKBXyRjHyNvjY5uysIm9XlzvIsL6JIYPbYWuj4vyFVJ6Z8AOnzySXu37iZCI/zzPnYg+8kuyfv7zuR92r5C0zoj0j4vGcCpuI2n0sToMVOD+oJH+tgcJtRlxGKHB4oHaRsHad5bg/raTksImCdXU36l6leMduRF1VZWSb8Nrvr/Jsv2DstXG8EvVLecN1dSAi7Kqx6vjo8bkcrEG+oCAIODnZWUdeS5Cake/j5HQnW/7l8fBwZPr7w5n63mKOn0hk9OPfEBjgTovmTSgs0nLw0CVEUeKRhzvSLNgTU34BxVvuYmEFETK+0eP1igqvV1TkrTBSsNZYYWJ+ZQgacB+nxP4+BQUbjeQtNYJgDqhwf1KFytdI7p+GKlMJb0EOLsMUOA9RUnLUROb3FnKJV4NUWkbJrn049I2qpqWOFe/8cC14I3hQT2ZO7EWYv9lwjWknmTjoD/aSw5QvjrJjevUpuy4uttaR1xJkpBd4uzjXfuQF8+g77+fnadO6KQDxCdls3Hya/QdiEUWJAf3a8v60hwEo/HsLkuH2A/Zrg6SD9C/1FG4x4TJcgc8MNbaRsmo/JUENDg/I8Z2pwTZSTvZvenL/vKK7ZE4jzF1swKGnnKafqLHvJUe4uYDWzcjNpzQ0/ViN02AF+WsMZH6jr5vTGiqh8tTL62jjdvPedvPPwY+NYsXMB68ZLoDCO5z/zusJQPaKo8TVQH8XZzvfLVtOWSaFrQ5p8COvIAg+V4/OtASR7QNZ8uckTp9JZt+BWNLT83F0tKFH95ZE3pCEULhmvcX6vC1MkPuHgZKDJlxHKfB6WY2pUKL0tAn9ZRFjjoRkAJmNOdFA3UyGTagMQQmlR0Ryow0Ys28drgs2GCk9bsJ1lBKPZ1S4jZEoOyOiuyRiyBKRdGZPssJdQB0kwyZMbt4fPmsi63s9+oS6XeNWRPGO3UiiiCCr/OllLLsa6xnC1290qPALbR/Wmm7sYi95ZGshuJqADQcHDTk5pc2BS1W3rF8avPGqVAofQah9+ODZcylcistEpVIQ0syL0DZNCQuteGljSM+g9FD9FlTQxYqkfaJHFSRg31WBTWtzBQ1Bfv1vIeol9AkiBeuMFO8zVZtMb0iXyPifHmUTAbv75NiGybGJUCBTXpcpGSX0KRJFu4yU7DNdKx9bH5jy8ik7eRrbdlXEtV+dHIV541nJt9mYmszF2+hXrVKQlVvYHNhwG7fddRqB8cq9a3N/YlIOb779B2fOlg+Y8fJ0ZOSILjz9ZE9sbFTlrlVZn+ouo78skXv5yjdUBnJHEJQColZCrNnpIrdgSJfIX2Ekf4V5TSx3AEEtIOkl895t/dnrLRRv21Wl8doH+hEMxJ3exdq4vowOvikooziOd4euw7xn4IJ7DSZxKpWC/LzSWgcG1TUNes27Zs3RESql8o5rVhkMJia+/CtnzqagVMoJDHDH6UpFjIzMQr75v008/tR35OSWd0MW/V1V7ko9IpprSBmz7txwb0ECU6FZpqmABmW4AMXbKz/TFwDnEMZHmX/8aPgvbI/Lw2g0UZyfzp6VK3moxw/8daXpE18Nq1HFDaVSTnZOoeUqHdYRDXrkzc4rGiVX3PnzZfPW08QnZNOyhTc/zn0WtytnG8VeymD9hhP8/udeLlxMY8bHy5nz33EAGDKzKDt+yiL6W6k9uvMXMWbnoHCv7ChXWx6ZMY4lUfM5QQIvDZ9VYavgx0YxJapmyS0KhZzsnELryFsb3N0doo3GO48X3LLVfJrB5EkDrhkumCOpJr3Un+g/XsbWRsXWbWcpKjI7Poo3b6+VzlYsT8neA1U3cG7DD4sHU3GlMAcmTBvHkrcrdmZVhNFowt3d+TYy/+uHBj3yPjS4w9LO3d9PBW576ixJEvsOxGKjUdK1a8UP0QB/d0JDfTl0OI68/BIcHDQ12p6wcncp2XOgkkPJrmPfshdr9rfnwqkYzl7OA3sHmjbzJ7xlE253r0KvN+Huah9z5xrfHRq08QLodMY07sB4z19IJT+/lOYhTcjNLSl3dOeNpKfnI5fL8PJ0xFRQSMnBI7VV2YqFKdm7v2YNNQ607NSBlp1q15/BYMTZxdY68tYWg8GUKklS5O1uF+3dZ/7bx8Sm02fATIICPbivawj3dW1O547B2NtrSEvPJyk5l7ZhfqjVSgrWbwTjXYxCqASd4EyuIMdVzOG671RBqaBCLZUiB0yCLSVXclQVUhG2V94rFOTIrzid1FIR6ivv6yjFVrp6nx47VNfvpwxbyXjtmqNkvKW/+sSYmY3u0mXUzYLuSn9anREPV0fryFtbJElKLSgsw/k2QyTDQn0ZNjSSfftjyMgs5HJ8Fpfjs/hj0T7kchltw3xxcTGvg7vdZ3YsNoQpc5aiKxOVdoRIMmKFUr4q24MvUKhox3ilC2P1exhuKiVG2ZX35HJ8JJFUASbqd9NU0Z33BBEEGY5AITre1e3FRtmd97jEUl0cMSrzz/+WAnlPLr/SDgYZjtJd3uFau5v7q29KDx+7a8ZbVFSGm4+t1Xhri1cTp7SC/NLbNt4unZvRpbM5wi3uciZ798ewf38sBw/HUVKi4/iJxGtt7+sSgqjXU7y7sqT7u0eOzA4o4AV9GmlymytHhSg4pDBP+/9S+POw6bz5gxMT+FyXyUZNJ+IFGwIkEzaCgNJ0nl/0SRxT92OO0p9pkglH4Uqm0pWfFYCjeIlfdHEcUvdjltyJ3tfa3dpffY++pYeO4jJ6ePUNLUBufklynx5tG3R0FTQC4/Xxck7Nyy8hoBY1rIKDPAkO8uSJx7pjNJo4dTqZvftj2Lc/hthLGURE+FN27ETVh2TfJVoZTjFBaMWb6jZAMf82xuJCMAsFA+/qM5mj8uGccB4NRpAFMEXjR6oAY7kh7Fgwm1obYwH2ivLhyOYPXAYYKZQ1Y4RNM6CUf2sTMSoDr9x/a39h9bz/ezcj3gryypKqb1X/NOitIgB3D4e03LyS6hvWEIVCTvt2Abz0Ql9+nzeRnVveQ6VUULr/kMX6uHPU7FS1Ict0kqVlR3kAe7bKHYhXeFGIkl+VPhQi5y9FE4wocBRj+J92C/82ifwhv/HhJgPUHFA6USyJgEDhFZ9rliDHXtKZ7zedZ74+A1BTdINLoaL+6htjegb6pLovKyWKIvmFJcnVt6x/GvzI29TXJTU1La/O5KtU5j9ByYHDddZHzdHRzpjPPFUnVikBqYCvTCpWazQ8pd/JQyYdpfKOjFMF0sdkpFDWnBE2zQETE/QZKOT+2CKSc3VElYqYbYgnEBkdNc0YYeOHeZRNQaFsCYIcW9NJ/m2K4j1VOO+JYC9pWKe4tb8sQzoe9fzXKT18FJVf0zrtIyOzEKPR1ChG3gZ/YkJ09IEmcQkZaW+/OaRO+7nQsTdi0Z2c7loXKNAJoK6oqnkt0Alq1FJVCe4NG6dHh+LzyfQ67ePI0cu8N33p6xv+evu/ddqRBWjw0+ZRo7qkp6Tm1annz5CR2YAMF8BoccMFGrXhwt1Z9yan5BLg794oRt4Gb7wAyck5dbphrr8UX5firVgIQ2IyhsyKz/G1FElJubRo5t0o1ryNwnjj4rJiahPjXB3GvLpbU1uxLNrTdXuAX0xsOhER3taR11L4+7vFXo6vuyeuKb+gzmRbsSy687eTVn/7XIzJONMYjjqBRmK8Ic08Yy7GpNddBw0gJNJKzdDHJ1bf6A4pLdOTmJx9ts46sDANfqsIICIsOObsuRQeHNSuTuQLVVTmb4gIKhUKTw8Ubq7I3VzM/7o4I2g0yDRqBLUamVoNchmS0YhkMILRiGQwYCoqxpRfcO1lzM7BkJKKVFb/ASo1wZiXX2eyz59PpU0rnzNnracEWo6nn+5xaeyT3xwBIutCvty54oyj+kbRxAtN6xaoWzRH5e+L0t8Xlb8vCi9PLFHX60aMObkYklPQJ6eii7mE7txFtOcvYkzPsGg/tUUsrbs46+MnEghvG3hm6aI668KiNArjBTh9LvWwTmeIVKurq1l6+6ib13+VT7mLMzYdIrCNbIemTSs0rVve1YeKws0VhZsrNhFty71vyi9Ae/Y8pYePUXrwCGUnTiPp707t5oqQ2ViukujNHD2ewMhHIs/UWQcWptEYb8sQjyOnz6aUK89qKVQBfsicHBEL6ujkrAqQOTpg170rdt06YxvZHlVwoMVHU0sgd3bCrlsX7Lp1AUDU69GePE3x7v0Ub92B7sLdTXtVuNb+3KrKOHYiYfu3Xz9dt+5sC9JojDcirNmRAwdj68R4BZkMxwF9yY9ebnHZN6Jp0wq73t2x79Udm4iwCg+QbujIVCpsO3bAtmMHPCe/iCEljaJtOynavJ3SA4dBtNxRohWhbt2yTuRejEnHp4nT9joRXkc0vEd9FYx98pvDC+e/WCfrXu2FGC4PG2vxL5+mbSiOg/riMKAvKt87LoTZKDBkZlH41wYKVq2rsy2d4PXLUAcHWlzuz7/uICUtL2r6u8Pv4hk3taPRjLwAJ04lH84vKI283dzemqBp2RyXx0eRt6D23gpVcCDOw4fiOLg/yqa1KjvdqFB6euA2/kncxj+J9mIs+UtWUrB8DWKxZUJPbTtH1onhAuzeff7IvF8mNhrDhUayz3uVjh0CjuzdV3dhzl5vT8aux313dK/MwR7nMY8SGD2PZuuX4favp/5RhnszmhYhNHn3TZrv2kCT6e+gqm0VDKUCr3fftIxyN1FSouPoyYSGkFZ2WzQq4x3UP+LIpi2n60y+oFTi9/1XuE4YB4qaTUpsItriPetDmu/ZiPeH027x1v7Tkdna4DJ2JM3WLcX/1++w69719oUoFDT9/N9oWrWwvILA1u1naR8e0OgqDzaqNS9A+87Ttu3e/kGU7U1HlFgaQ3oG+UtXUbr/EPrEZEwFhchsNCjc3VC3bI5N+3Ac7u/1jx5d7xTt+YvkL11F4V8bMFUTdKEJbU2TGe9gEx5WZ/q8PHk+PXu1iBzzaLf6PaDqNml0xjtu/Nzpo0d2mTF4YER9q2KllkiiiPbcBcoOH0MXF48xMwvJYEDu5IQqKAC7Hl2rPmTMAhQVaenV5+Ptxw/NvL9OO6oDGpXDCmDAwPDt69Yfx2q8jR9BJsMmtDU2oa3rTYdNW04R3jZg+/GGUAXpNmlUa16Ax0d127Fz14UlmZk1D6jQau/uIdlW6g+DwYTJVPPtvuUrDzNsSIftdadR3dHojBegf7/w6BWrauYcLC3TM+SRL3hv+lIyMqypf/cqkiSx4e+TPPTIFyz8c2+N7omNzeDYsfglw4d3blRbRFdpfCE+wL49y87qjG2inhjbLbC6kML/ffs3u3Zf4PyFVBYt2U9WdhFBQR44OVp+r9jK3cdkEtmw8SRT34vmj0V7KSws4/iJBIYNjcTOTl3lvT/8vI2gQK8Zu3cuaTRpgDfSKI0XoEevEYHOzrZRQYGV1zSMu5zJtPejEUVz0WGTSeT0mWT+WLSP8xfSsLFR4dvUFZmsUU5A/tGkpeez8I89TPtgCctXHiY75/qBxQaDieycIvr1qdxDXVKiY+r70UsW//7yh3dD37qg0TmsrjJkYPj2efN3cX/vNpW28fdz4/1pw5j7w1bS0q9vSYiixJatZ9iy9Qzubvb07RPGA1Ft6NQpGJWy0f5J7nlSU/PYuuMsW7ae4dDhy0jSrZXgBUFg0IBwXniuT5Wylq04RM9uzaMPVnN2d0Om0W0V3Uib8CnRixa+PLJtmF+V7fQGI2v+OsYfi/Zy/kJape1sNEratw+kU2QQEeEBtGrlbZ1e1xOiKBKfkM2ZM8kcORbPocNxxCdkV9peo1EyZHA7nny8ByHNvKqUbTSaGPjQ7CVbNkwdZWm97yaN2ninf7RsREFh6ZL/fv54je85ciyelasOs2nL6WsHaleFj48LwYEeBPi74+fniqenE16ejrSLCKjiLi26xCzK+zw1KH08bgjc0qJLTEVUumLjbY8hKw9JYYPKxf4WaeXaukBZSi7YumLj7XythSEtCYNBgcbfu5wX0pB4kZK4NERA5dcG+2YeFcu9QZYxKwl92a2yjGlJGAwGZA4+qF1uzKs1VqN/5WRlFXIxJp2MzELS0vNJSMgmITGbS5cyKKvBLkHbMF8eHNSOoQ91qPGDds3aY2zddnbkV188ufS2lG1gNGrjBWjT7q3oZYteGdmq5e1l7OgNRvbsvciOnefZvediuWl1TThz/NNKrxmPzSVmzI8VXHHBZdFSmrR3xnj6F2Ie/RY8/kXIhkguR76AyeNfhOx+gZvLDdzYNmgOXL4i22P7Ady9FUAxKT16U5jlgs+RzTjZA2SR8dbz5K5KKCdL6P8SQf8dj1pxg5439qs9Q0zEOIzcKAsgjYSWQygF6PE+LX8edt2wiw9xsQr9q+L/vt/Mt99trnF7pUJO+/YB9Ozekr59wvD3c7uN3sx+j4eGf7lk/eq3GvWoC414zXuVMSO7RH87d/PIOf8dV2kbY04uCrfySdwqpYL7e7e5tma+HJ/FsePxHDuewKnTyVyOz8RovMP0QOUNoZseLghZeZhXZ3nkTfoNt92vXn9q+qoQFErzmbu+qqqfpr4qhBssI/u/23H7rC8CIPcFsnyu3V/w7RvXDdcjADkJmLJA2vgtyct60Gx0i+t6luv36mjnU04X6dIBrhWg2b2c4uJhOF417Jrqfwe4utjRqpUP7SICaBfuT7t2AdjZVu5FloxGxOKSSquQrP7rKC2be0evt7Ce9UGjN94P3n10aZvwKUtOnU6qcO1bdvI08WOfxfnRh/F4+TkUHhWfNhgU6EFQoAfDh5mPVTcYTFyOz+JSXAZJSTkkJuWSlp5PZmYBmVlFFcq4hZCXCFk7HiUgJm4mtt/bmLKOUFrMlaM7gRqKqqittOpTcl7ri7s35aboUtpm0v5nruaifncuQeM6IaAlZ+ZYMucloJ+zFcPoFtcN7Sa5FfneS7ZtuOF/Z8g/nIZjVO3juhVyGV6ejnh6OuLl6YSvryt+vm4EBrgTEuKFu5tDjWUVbtpK1hffoPRriv+Pc265bjCY+O77LUs2rZ/aqKfLV2n0xgvw9tsPffv5l+tGzv/l+XLvS6JI+oxPwWAkf9EyClauxfnRobg+80S1B1YplXJaNG9Ci+a1OSGvolpPvigtVoYpj+z/bsb9sx7lDM6Uk2ge6T3G4Tuu0xUj1eA2aTZS2yRsIiNQUv7oz6rJIn+FOX5Q3j4A07EESpYdQIoaVuuR9rkJD/DchAfu+H7JZKJww2Zyf5qP9ux5APSXEyjatA2HfuXDlRcu2ktoG9/oTffCsEsjjbC6mace77VDEIQZf288We79ghV/oT1zvSSRpNWStzCaS/2HkfTi6xRt3o5kqMPQydgfie3Rl/M9IrnQ721MgOLdx7G14CNTWvUpuVlFCHbX39PHmOtKKR7rjXlirEWXmISuyAHHLm1Q1jDd8VofaYcojgUYTdPPXjQHB2zcQA38fXWGPjmVrDnfE9t3KKmvT7tmuFfJ+PRLpBvqcefmFvPdD1uWNHYn1Y3cEyMvwPxfXvgwNe2TqKjeraOuVph0GjoISa8n+7ufMWZkXm8sihRv2UHxlh3IXZyxf6AXDn2isOvWGZmlazhfW++aMR46i2FcaK1HLKHHOBzcdlC4KoHsbzZiZ+tyvY/UK0ftXF0aFp8iod8LXD8wJpSmR+ZT002w0p2bkAD50/dj598W+xAoiD1E/pEsHLvfvYM/dZcTKN6ynaItOyg7eqLSdg4D++Ix6XmEGx5Sc/5vI1E9WzXqfd2buWeMFyCird+3c3/cGvXqywMAc3K9y2MjcHp0KIWr15P7+2J05y6Uu8eUl0/BstUULFsNSgU2bUOx7RSJTXgomjYtUfrUYl0XMhq/755EThmmuH2kPv8lpo2fknlsEF61rGArlfjgMX0Chavex7ToS8xpGmaPuzo0DDiDKelKLPdVh9KN9wMy5RXrrnJZmU/Bip0AmNb+TKLah9IrBSNLVh1C6j64TrYsRJ0O3YUYtGfOU3rkOKUHj5R/AN+EoNHgNHQwruPG3FLK9+SpJJYsO7zkzPFP75lRF+4x4/3isyeXhke+s2TQgIiRN65VZSoVziMexnnEw5QePUHBqrUU/b3l1kRwg5GyoyfKPdVljg6oAgNQBfmj8m2KwssTdXAgtp06VK+QQ1Nsr+6VWB2TRgAADh9JREFU+gfjPuZXMhblobuYCqG1/GWLilD4j8Sj//tkbSx/Se5udspJi/6kcGpvHDXtaHbhCGiPcyniWfSY9whlAaGoAH1y0XWHl+L6U0UCyDpB8bErb2QdouT7GzpatZqSjwZzezu75THm5lGy9wDGjEwM6Zno4xPRJyRiSEqpUTFAmw4ROD44AKehg5E73voUMhhMTP9oGdOmDf328VGVb+81Ru4p4wV44/XB337w4bKRf8yfWGHMsm2HCGw7RNDk/bco2X+I4h17KNm1F/3lhAqkgVhYhPbkabQnr5ff0bQNJWjp/OqVKUqhNC0NucGImH6EnEXm0whVQZ6VtM9Ge6X9VeSefpU6JkTAbcr7ZG38uNz7ipAuqPkWHYdIefpr5HOeRU0qOd98ec2FJgEYDWajzZpP2uLeNH04kJLohdfaCEDZgb/NI3bIAFwn9kAw6JFRQsEXX6LPMk+d7a/W86xEf1UVDjrtmXOkvvFu5Q1uQtBosO0ciX3v7jg80KvamdEv83bg7Gw74/FR3Rpl5lBV3HPG+9TjvXY8PWHujHnzd80Y/3TvStsJCgX2Pe7D/krBOUN6BmVHT1B67CTa02fRXYhFLCmpnTKxi0mKWnzTmy7Y+NlDzvV3pCraOyzYQpMbFqfSDf41CRD8h+Dx8DdkrbrhmFJNKE2/H03c84vh2HwSe9z8oAkxe7wVgdi1h4JjUPrBs8R8cEOTMeNwsC8mY8XfAKgnTMRryPWtOMX5ZaTNS6Bo1SGkSJ8q9fft7MwdIQgo/ZqiadUCm/bh2LQLRxPWGpmqZiWQLsakM/fH/2/vzqOauvI4gH+BRJBFQFmVTQyoMCKb1VErtHqotbQdK1hal7EWKyPaUhno4L7hxmmnrXXqghu4QBhR3BcsgSpTla0oIAKyEyQIkS2QxTd/hN0giISE5H7OeefE5Pre8yQ/77vv3d/v3mJl3N81ZJMPXkXhghcAjof7bU3LCHH/6zSG+8QJr34k1IZuYgz6PA+MmOfR/p6gnI2WwiIISsrALymDoPIphFWclyZ8dKdKlzSI1IcKgwH9HdsxypQGYVvwWuu8MrVLtfOtaWsd0EdpiceY9iNb/x4No1avRXXcRlCdbkGpuwfD8qABylfu7/RISB/qK1fDdNXfMJwGAIYYHR4Boe83aEzvCH41jxUwC5kDleYMNN4GAEvoTuvaw2nP9QSO7wfiboO3qefJSqq93FpXUVeH+ngb0IwNQTc2An3M6NY1mcyhzhjb7xuILS0CBIdEITBwbuASn1392oe8G/LTI3sSFZXsfDIqOZV5ejWGS7lYnXwTQljbgBcAaDp6UO0hll40cCHkCaAyXAd0bemtBzRYdu65gILCqq+OHvxK0jxVhaCwwQsAvisPrTA11T+0bfMCWZ8KMYgSErOxJiDyYFbGHj9Zn4s0Ddlk/L5IS72YxqmxMjU21nW1m9i3y2diaCsuqYbf6mOp6fd2fiTrc5E2hQ5eAKh+mnzp8RPDD2dMtx1tbCSf6/ASA4PH42PFP47A80PXOdevRPac/KsgFGJ6ZG+CAjwXBASeBIczeEt4EoOLoiis2xQDLc1h3t/6ewyZZTrfhEKPeTvbuJXplp1dwTpxdOUrU8oGi5D9GA25bIgAqFtPhrbFy49TWnLvo7G4CdDShZaLI9Tb7iM1cyUm5As5bPDrAI1xnZPohWgpeAhe6XOIQIeGvTO0DCXdkHpVu/4n2w+W73+8gqMnkrZkZ+xVyMdCkihN8AKAt8+PfzcwGHF8349LoaYmu4uOuohvUR6a1OU9tWV7wAiZ0xp0bFSuWYLaG52e3UIf+lFnYOJkKDmJHg2o+MANz/M7JdELn6BssTfq07scChrrj2DsUseON3pr9wbJ9oMhOuYutu2IjcnODBvyCfavQykum9vERAWc+D358ZYt22MlFi8bDBT7SkfgMuxBY4hfio5/h8qHDQCEeLa5I3BVGG3ldmpR67MTjc3oIYkeUNUBOpLohahe93JAAkBz6JcovFTa+qc+tGudG939ePLg5q2H2LE7LkvZAhdQsuAFgIdpu7eei0s5vmvPRZkcX1RZKX5h6I/xlyNgc/kO9J3Eb9XdyAE4d9qnUWrti8GEy7GYwPqhdTZNEmoz+1au50VuNDhx4tca2yIwMTcVE3OvYeTH4uyj5t1n0PIa7eTR73dyEfSvKGza8Im/rM9FFpQueAEgK2PvFyfP3GH9+6drvTcecK0zhzmnURoRj6ZaIQz2nYfFhRhYLpkEQWGOeC6xkz9Ge1gDAFRM3WC62x/6+47AyKHT2Lie3yndUNilmoawuvVmK8Mf5p+2ZUEYwnjTNnEvyvkDjZy+t5M39+4XICDwJL5cNnPLwiG64sGbUsjpkX2Rkxn2TvhRFApFIqugtR8M2nFpE9+FOg6jBbVoCv0OxaEAGLMwakcwjMZroCFOvFQHbY5zly9He/7y9uyd9umO+YeRP17yBKLmDPFys7T5XfcDbQeMcAJq04vBK+OC1pd25a9Tq0f67iQ/xjeBJzH7XXvW16vnKc0Nqu6Usudtk50ZNvbYiSTW9p3nB28MrGELq5s/QL1zDnt+Ep75eKIinQu0zU9+w2tVNR1xVUVRadOAtJMXvyVkYXVABJZ8Pn1L2K7Ph9yynANJqYMXEPfA0TF/HA/ZwARf0PeqTv0nBIymwvr2XTBuRsAw6OOOio9HWe2XvhS6lucRsp+AV9vt/Bifwpx1CVY3z8OaFQEdRsdHonpx5oOqbvd7wzyIWjtSFdD63E4exF1MRUDQ6bx1QZ7uAV8rb4/bRumDFxCPgbMelW/xW3UMdXU8qR6rIXw5cifPQEFECegW9jDw3QTbqBUAAJXhgIbLWwAA0ZmETp1vM6p8vVE0bSqKb5R27EzHABqmphhuYQ51U0vQOiUzadiL1+kRHTyHzn0qVcBCXT4A2EPLRrtv7RgDXBqoH/YfiMe6DcyrD1J32S5UwNzc/iDB2+pS7D+36uhqLFu87FeUl9dI7ThqJmYAAH7oXtQUcEE1sME5Ly6FQZXUQNXGWVw0jhONkh/iwW9uQF30XjxvLT2jNaFTat4rhqLDXN9p7S+vo2TNUTTVNkNQkIjCea3VJJzeg5Z239uJjydOtueVlLZvfCkXoeMLhFi3KQb/OXDz5+zMsHnSPdrQIm+P7WTup/033KKZ/2OF7fLB9L/aDPwBOIl4NHMtJI2wNfddgqWHKRoi/FAaKmGpdqe1sIlaBKQfRZ7PfoDhD5vLy1uDrwGVPm6oTRcXlxuhDdSF+6E8TPKS7/pnE2HyF3FU9tqOkd9ePqe7N0q270VVVR2+DToFoejF18xTa14uxKzkSM/bzTf+Honrgjytvlp1LPXQkYSBv5Fl6AbrqI0vjSI11h+AhYe4V9Ve+gtGr/+4y+dqHv6wDF8EGgC1USPF/+tKLBzXkZA/wvcXjNn2abfPp2DU2Vvtgfs67STpLdm+v1JSn8D7s31wnGz5Pglc4rVNdAg6sGrNMerZszqKol4M8NZE8aueUi1VTykBr4c2vDqqpeopxa9verNjCcT7aamqoV4MRDspbiKRkDp4OJ6a5ByScOvWg3G9f0sE0YNVq4+tmDV7O5V0O0cmP2Zl2soraqily3+lvHx+3izr751QEGcvpDjbOQYnbN95jmpo5Mn8R66I27m4+9S0mZsSvv/+Ss9VAwmiv3z9Dm2e/d5OKjEpW+Y/dkXZSsuqKV+/w5SdQzDpbQnpio2952bnEMQMDD5FsStrZf7jH6pbSwufOnzkN8p52oaEjVuZpLclBk/IZqaXy9T1zP0HblA8XovMg2EobfG3HlBzPfdQy30PkN6WkJ3A4Eivdz1CmWfP3aUEAoHMA0Oet/SMQuoL34OUnUMQM/bCPdLbEvIhIDDSa67nXuaFiymUSCSUeaDI0/bgYQm10v8IZecQxAzdfd5L1t8VQUjUFsRnopOV/nL6TnIutcIvnLJzCGJuCyVBO9DI9EgpCQiM9Lqb8mThZ95Tvb0WvAVTE+lMIZQ3PB4f125kIvLUbZaOjibrvdkOrEWLSCKBNJDglbLgkNNel69mLnx7pq231/wpcJs1ATSa4pXLznlUgf/G3sOlqxkx06faMBVpBXp5RYJ3kJxiJrtdv5bpnv/kqbvHbHv3uR6TMcV1rMRlSIeKomIOrl7PxPUbD5CXx475ZP4U5o6tC0nQDhISvDJw5ESSW2JitnthYZX7rLcnuL89czymT7OBjo58L/AlFIrwZ2YJfr+di6Tbj1If5bJTZswcn7rgwymp778/OU3W56dsSPDKWGRkonN8QrZLWkaxi8MkC1dXZysXJ0crODpaQHeEZu87kCK+QIicnAqkZRQhPb0Yd1PyWRZmo1hOTtas9d99RMaxMkaCV87s2XPBOSW9wCX7UaXLWCtDV1sbExdbGxPY2ppgnLUxTE30QKcP7JiZoihUP2tAUREHj/Mq8TiPjdy8yqzcx5XZDGvDLIdJVlmzZozLcnefpBTLiAwVJHjl3MX49DFZf5aYFxZUmxWXVJuXltWYGRuNMDcbo29mZKxrrq+rZaanrwk9XU3oaGtg2DAa6HQ10Ok0qKiqQCAQQiAQgc8Xgcfjg/u8CVxuI7jcJnCe1RexK7hFZRW1RfxmQdE4a8Miho1RkctkRtHixTOKZf1vJ16NBO8QFx+fPobNbjCv5NSbPefWm3O5TWY1XJ55LbfR7Dm3yVxXT7NUX0+rbKTe8FI9Pc0yQyO9UmMD3TIDA/3SOXPGl8v6/AmCIAiCIAiCIAiCIAiCIAiCIAiCIAiCIAiCIAiCIAiCIAiCIAiCIIi++j+XbdEQcbIozgAAAABJRU5ErkJggg==\" data-filename=\"escudodomingosavio2.png\"></p></div><p><br></p><h2>Hola mundo</h2><p>Bienvenido al Domingo Savio Bilingual School</p><p><br></p><hr><h1>Primer dia del colegio:</h1><p align=\"center\"><iframe src=\"//www.youtube.com/embed/vAaUFJb-3fY\" class=\"note-video-clip\" width=\"640\" height=\"360\" frameborder=\"0\"></iframe></p><p align=\"center\"><br></p><h1 align=\"left\"><hr>Finca savista:</h1><p><br></p><p align=\"center\"><iframe src=\"//www.youtube.com/embed/jFW2lwOoqqQ\" class=\"note-video-clip\" width=\"640\" height=\"360\" frameborder=\"0\"></iframe><br></p>');

-- --------------------------------------------------------

--
-- Estructura de tabla para la tabla `exam`
--

CREATE TABLE `exam` (
  `id` int(11) NOT NULL,
  `nombre` varchar(255) DEFAULT NULL,
  `curso` int(11) DEFAULT NULL,
  `fecha` date DEFAULT NULL,
  `intentos` int(11) DEFAULT NULL,
  `horas` int(11) DEFAULT NULL,
  `minutos` int(11) DEFAULT NULL,
  `maxscore` int(11) NOT NULL
) ENGINE=InnoDB DEFAULT CHARSET=latin1;

--
-- Volcado de datos para la tabla `exam`
--

INSERT INTO `exam` (`id`, `nombre`, `curso`, `fecha`, `intentos`, `horas`, `minutos`, `maxscore`) VALUES
(2, 'Quiz 2', 1, '2019-09-24', 4, 0, 5, 8),
(3, 'Quiz sumas', 2, '2019-09-24', 2, 0, 1, 100),
(4, 'Quiz 2', 1, '2019-09-29', 2, 0, 2, 8);

-- --------------------------------------------------------

--
-- Estructura de tabla para la tabla `examscores`
--

CREATE TABLE `examscores` (
  `id` int(11) NOT NULL,
  `estudiante` int(11) DEFAULT NULL,
  `nota` float DEFAULT NULL,
  `examen` int(11) DEFAULT NULL
) ENGINE=InnoDB DEFAULT CHARSET=latin1;

--
-- Volcado de datos para la tabla `examscores`
--

INSERT INTO `examscores` (`id`, `estudiante`, `nota`, `examen`) VALUES
(25, 1001185785, 5.33333, 2),
(26, 1001185785, 8, 2),
(27, 1001185785, 0, 2),
(29, 1001185785, 1.33333, 2),
(30, 1011095717, 75, 3),
(31, 1011095717, 25, 3),
(32, 1001185785, 0, 4),
(33, 1001185785, 8, 4);

-- --------------------------------------------------------

--
-- Estructura de tabla para la tabla `grado`
--

CREATE TABLE `grado` (
  `id` int(11) NOT NULL,
  `nombre` varchar(255) DEFAULT NULL
) ENGINE=InnoDB DEFAULT CHARSET=latin1;

--
-- Volcado de datos para la tabla `grado`
--

INSERT INTO `grado` (`id`, `nombre`) VALUES
(1, 'Primero'),
(2, 'Segundo'),
(3, 'Tercero'),
(4, 'Cuarto'),
(5, 'Quinto'),
(6, 'Sexto'),
(7, 'Septimo'),
(8, 'Octavo'),
(9, 'Noveno'),
(10, 'Decimo'),
(11, 'Once'),
(12, 'Pre-jardin'),
(13, 'Jardin'),
(14, 'Transicion');

-- --------------------------------------------------------

--
-- Estructura de tabla para la tabla `horario`
--

CREATE TABLE `horario` (
  `id` int(11) NOT NULL,
  `salon` int(11) DEFAULT NULL,
  `hora` varchar(255) DEFAULT NULL,
  `h` int(11) DEFAULT NULL,
  `lunes` int(11) DEFAULT NULL,
  `martes` int(11) DEFAULT NULL,
  `miercoles` int(11) DEFAULT NULL,
  `jueves` int(11) DEFAULT NULL,
  `viernes` int(11) DEFAULT NULL
) ENGINE=InnoDB DEFAULT CHARSET=latin1;

--
-- Volcado de datos para la tabla `horario`
--

INSERT INTO `horario` (`id`, `salon`, `hora`, `h`, `lunes`, `martes`, `miercoles`, `jueves`, `viernes`) VALUES
(1, 1, '7:00 a.m.', 0, 1, 1, 2, 1, 2),
(2, 1, '7:30 a.m.', 0, 1, 1, 2, 1, 1);

-- --------------------------------------------------------

--
-- Estructura de tabla para la tabla `materias`
--

CREATE TABLE `materias` (
  `id` int(11) NOT NULL,
  `nombre` varchar(255) DEFAULT NULL
) ENGINE=InnoDB DEFAULT CHARSET=latin1;

--
-- Volcado de datos para la tabla `materias`
--

INSERT INTO `materias` (`id`, `nombre`) VALUES
(1, 'Ingles'),
(2, 'Matematicas');

-- --------------------------------------------------------

--
-- Estructura de tabla para la tabla `multimedia`
--

CREATE TABLE `multimedia` (
  `id` int(11) NOT NULL,
  `curso` int(11) DEFAULT NULL,
  `titulo` varchar(255) DEFAULT NULL,
  `url` varchar(255) DEFAULT NULL
) ENGINE=InnoDB DEFAULT CHARSET=latin1;

--
-- Volcado de datos para la tabla `multimedia`
--

INSERT INTO `multimedia` (`id`, `curso`, `titulo`, `url`) VALUES
(1, 1, 'It El payaso los simpson', 'https://www.youtube.com/watch?v=f2b-ZAcySTM'),
(2, 1, 'Parte 2', 'https://www.youtube.com/watch?v=7hh8QQSJ_2w'),
(3, 1, 'Parte 3', 'https://www.youtube.com/watch?v=jjNZQE6Mc-0'),
(4, 1, 'Parte 4', 'https://www.youtube.com/watch?v=Yaabl3JmxUQ'),
(5, 1, 'Parte 5', 'https://www.youtube.com/watch?v=zq9zsO7vubY');

-- --------------------------------------------------------

--
-- Estructura de tabla para la tabla `publicaciones`
--

CREATE TABLE `publicaciones` (
  `id` int(11) NOT NULL,
  `usuario` int(11) DEFAULT NULL,
  `publicacion` longtext,
  `materia` int(11) DEFAULT NULL,
  `date` timestamp NOT NULL DEFAULT CURRENT_TIMESTAMP
) ENGINE=InnoDB DEFAULT CHARSET=latin1;

--
-- Volcado de datos para la tabla `publicaciones`
--

INSERT INTO `publicaciones` (`id`, `usuario`, `publicacion`, `materia`, `date`) VALUES
(1, 1001185785, '<p>Hola que tal...<br></p>', 1, '2019-09-21 18:24:11');

-- --------------------------------------------------------

--
-- Estructura de tabla para la tabla `question`
--

CREATE TABLE `question` (
  `id` int(11) NOT NULL,
  `pregunta` varchar(1000) DEFAULT NULL,
  `examen` int(11) DEFAULT NULL,
  `tipo` int(11) DEFAULT NULL
) ENGINE=InnoDB DEFAULT CHARSET=latin1;

--
-- Volcado de datos para la tabla `question`
--

INSERT INTO `question` (`id`, `pregunta`, `examen`, `tipo`) VALUES
(23, '¿Que es MySql?', 2, 2),
(24, '¿Que es apache?', 2, 2),
(25, '¿Cual de estos es empleado para la programación web?', 2, 2),
(26, '¿Cual de estos es un provedor de bases de datos?', 2, 2),
(27, '¿Cual de estos no es un navegador?', 2, 2),
(28, '5+2', 3, 2),
(29, '7+1', 3, 2),
(30, '100+57', 3, 2),
(31, '10+5', 3, 2),
(32, '¿Cual es la estructura de programación que es un condicional?', 2, 1),
(33, 'What is the meaning of arrows?', 4, 2),
(34, 'What is the meaning of flower?', 4, 2),
(35, 'What is the meaning of hour?', 4, 2),
(36, 'What is the meaning of question?', 4, 2),
(37, 'Now es Ahora', 4, 2),
(38, '¿Que es ready?', 4, 1);

-- --------------------------------------------------------

--
-- Estructura de tabla para la tabla `relestudiantepadre`
--

CREATE TABLE `relestudiantepadre` (
  `id` int(11) NOT NULL,
  `estudiante` int(11) DEFAULT NULL,
  `padre` int(11) DEFAULT NULL,
  `madre` int(11) DEFAULT NULL
) ENGINE=InnoDB DEFAULT CHARSET=latin1;

--
-- Volcado de datos para la tabla `relestudiantepadre`
--

INSERT INTO `relestudiantepadre` (`id`, `estudiante`, `padre`, `madre`) VALUES
(1, 1001185785, 19385504, 52167618),
(2, 1011095717, 19385504, 52167618);

-- --------------------------------------------------------

--
-- Estructura de tabla para la tabla `relestudianteresp`
--

CREATE TABLE `relestudianteresp` (
  `id` int(11) NOT NULL,
  `pregunta` int(11) DEFAULT NULL,
  `respuestaa` varchar(1000) DEFAULT NULL,
  `respuestac` int(11) DEFAULT NULL,
  `estudiante` int(11) DEFAULT NULL,
  `estado` int(11) NOT NULL,
  `intento` int(11) NOT NULL
) ENGINE=InnoDB DEFAULT CHARSET=latin1;

--
-- Volcado de datos para la tabla `relestudianteresp`
--

INSERT INTO `relestudianteresp` (`id`, `pregunta`, `respuestaa`, `respuestac`, `estudiante`, `estado`, `intento`) VALUES
(82, 23, NULL, 27, 1001185785, 1, 1),
(83, 24, NULL, 30, 1001185785, 1, 1),
(84, 25, NULL, 33, 1001185785, 1, 1),
(85, 26, NULL, 38, 1001185785, 0, 1),
(86, 27, NULL, 40, 1001185785, 1, 1),
(87, 32, 'if(){}', NULL, 1001185785, 2, 1),
(88, 23, NULL, 27, 1001185785, 1, 2),
(89, 24, NULL, 30, 1001185785, 1, 2),
(90, 25, NULL, 33, 1001185785, 1, 2),
(91, 26, NULL, 37, 1001185785, 1, 2),
(92, 27, NULL, 40, 1001185785, 1, 2),
(93, 32, 'if(){}', NULL, 1001185785, 1, 2),
(94, 23, NULL, 29, 1001185785, 0, 3),
(95, 24, NULL, 31, 1001185785, 0, 3),
(96, 25, NULL, 34, 1001185785, 0, 3),
(97, 26, NULL, 39, 1001185785, 0, 3),
(98, 27, NULL, 41, 1001185785, 0, 3),
(99, 32, 'if(){}', NULL, 1001185785, 2, 3),
(106, 23, NULL, 29, 1001185785, 0, 4),
(107, 24, NULL, 32, 1001185785, 0, 4),
(108, 25, NULL, 35, 1001185785, 0, 4),
(109, 26, NULL, 37, 1001185785, 1, 4),
(110, 27, NULL, 41, 1001185785, 0, 4),
(111, 32, 'while(){}', NULL, 1001185785, 2, 4),
(112, 28, NULL, 44, 1011095717, 1, 1),
(113, 29, NULL, 48, 1011095717, 1, 1),
(114, 30, NULL, 52, 1011095717, 1, 1),
(115, 31, NULL, 57, 1011095717, 0, 1),
(116, 28, NULL, 46, 1011095717, 0, 2),
(117, 29, NULL, 48, 1011095717, 1, 2),
(118, 30, NULL, 53, 1011095717, 0, 2),
(119, 31, NULL, 58, 1011095717, 0, 2),
(120, 33, NULL, 76, 1001185785, 0, 1),
(121, 34, NULL, 80, 1001185785, 0, 1),
(122, 35, NULL, 82, 1001185785, 0, 1),
(123, 36, NULL, 85, 1001185785, 0, 1),
(124, 37, NULL, 87, 1001185785, 0, 1),
(125, 38, 'Calixto', NULL, 1001185785, 2, 1),
(126, 33, NULL, 74, 1001185785, 1, 2),
(127, 34, NULL, 78, 1001185785, 1, 2),
(128, 35, NULL, 81, 1001185785, 1, 2),
(129, 36, NULL, 84, 1001185785, 1, 2),
(130, 37, NULL, 86, 1001185785, 1, 2),
(131, 38, 'Listo', NULL, 1001185785, 1, 2);

-- --------------------------------------------------------

--
-- Estructura de tabla para la tabla `relestudiantesalon`
--

CREATE TABLE `relestudiantesalon` (
  `id` int(11) NOT NULL,
  `estudiante` int(11) DEFAULT NULL,
  `salon` int(11) DEFAULT NULL
) ENGINE=InnoDB DEFAULT CHARSET=latin1;

--
-- Volcado de datos para la tabla `relestudiantesalon`
--

INSERT INTO `relestudiantesalon` (`id`, `estudiante`, `salon`) VALUES
(1, 1000019673, 1),
(2, 1001185785, 1),
(3, 1011095717, 2);

-- --------------------------------------------------------

--
-- Estructura de tabla para la tabla `relprofesorcursos`
--

CREATE TABLE `relprofesorcursos` (
  `id` int(11) NOT NULL,
  `profesor` int(11) DEFAULT NULL,
  `cursos` int(11) DEFAULT NULL
) ENGINE=InnoDB DEFAULT CHARSET=latin1;

--
-- Volcado de datos para la tabla `relprofesorcursos`
--

INSERT INTO `relprofesorcursos` (`id`, `profesor`, `cursos`) VALUES
(1, 889889889, 1),
(2, 987654321, 3),
(3, 987654321, 2);

-- --------------------------------------------------------

--
-- Estructura de tabla para la tabla `resp_actividad`
--

CREATE TABLE `resp_actividad` (
  `id` int(11) NOT NULL,
  `actividades` int(11) DEFAULT NULL,
  `estudiante` int(11) DEFAULT NULL,
  `url` varchar(255) DEFAULT NULL,
  `texto` longtext
) ENGINE=InnoDB DEFAULT CHARSET=latin1;

--
-- Volcado de datos para la tabla `resp_actividad`
--

INSERT INTO `resp_actividad` (`id`, `actividades`, `estudiante`, `url`, `texto`) VALUES
(1, 1, 1001185785, '', 'Esta actividad esta resuelta');

-- --------------------------------------------------------

--
-- Estructura de tabla para la tabla `salon`
--

CREATE TABLE `salon` (
  `id` int(11) NOT NULL,
  `nombre` varchar(255) DEFAULT NULL,
  `grado` int(11) DEFAULT NULL
) ENGINE=InnoDB DEFAULT CHARSET=latin1;

--
-- Volcado de datos para la tabla `salon`
--

INSERT INTO `salon` (`id`, `nombre`, `grado`) VALUES
(1, 'Once A', 11),
(2, 'Septimo D', 7);

-- --------------------------------------------------------

--
-- Estructura de tabla para la tabla `tipo_usuario`
--

CREATE TABLE `tipo_usuario` (
  `id` int(11) NOT NULL,
  `nombre` varchar(255) DEFAULT NULL
) ENGINE=InnoDB DEFAULT CHARSET=latin1;

--
-- Volcado de datos para la tabla `tipo_usuario`
--

INSERT INTO `tipo_usuario` (`id`, `nombre`) VALUES
(0, 'Administrador'),
(1, 'Estudiante'),
(2, 'Profesor'),
(3, 'Padre de familia');

-- --------------------------------------------------------

--
-- Estructura de tabla para la tabla `usuario`
--

CREATE TABLE `usuario` (
  `id` int(11) NOT NULL,
  `nombres` varchar(255) DEFAULT NULL,
  `apellidos` varchar(255) DEFAULT NULL,
  `email` varchar(255) DEFAULT NULL,
  `tipo_usuario` int(11) DEFAULT NULL,
  `pass` varchar(255) DEFAULT NULL,
  `lugar_nacimiento` varchar(255) DEFAULT NULL,
  `fecha_nacimiento` varchar(255) DEFAULT NULL,
  `direccion` varchar(255) DEFAULT NULL,
  `telefono` varchar(255) DEFAULT NULL,
  `foto` varchar(255) DEFAULT NULL,
  `tipo_documento` varchar(255) DEFAULT NULL
) ENGINE=InnoDB DEFAULT CHARSET=latin1;

--
-- Volcado de datos para la tabla `usuario`
--

INSERT INTO `usuario` (`id`, `nombres`, `apellidos`, `email`, `tipo_usuario`, `pass`, `lugar_nacimiento`, `fecha_nacimiento`, `direccion`, `telefono`, `foto`, `tipo_documento`) VALUES
(19385504, 'Jose', 'Bermudez Garcia', 'asoiduiosau@gmail.com', 3, '$2y$10$lSWtvg1Q3BNqjKL.bN6BReElgQM.kEe1OMGaBRfYTwWMImXkH7LC6', 'Bogota D.C.', '1959-12-16', 'Calle 18 a Sur No. 29B-14', '2030946', 'usuarios/fotos/19385504.jpg', 'CC'),
(52167618, 'Ana Beatriz', 'Garavito Garavito', 'begaravito3@gmail.com', 3, '$2y$10$IvyXF5v0bNHYNeuczW3bk.aNpTtmXHu57.jB5iN05Z8gijTtnyYeO', 'Bogota D.C.', '1969-09-26', 'Calle 18 a Sur No. 29B-14', '2030946', 'usuarios/fotos/19385504.jpg', 'CC'),
(123456789, 'El', 'Administrador', 'saoisoft@gmail.com', 0, '$2y$10$yTpQsYNQZ.fRS5O44mStw.tPMbBzTfLyJvQZGTCaCpG.AXqV.U5tO', NULL, '2006-06-17', 'Calle 18', '1234567', 'usuarios/fotos/123456789.jpg', 'CC'),
(889889889, 'Daniel', 'Ochoa', 'dochoa8b9@gmail.com', 2, '$2y$10$S2hCIGSnYfkPUttOcWrl7.ufJC19TSCYymwOA.6noyeLcQQahiDW.', 'Bogota D.C.', '1998-08-17', 'Calle 24', '2030946', 'usuarios/fotos/889889889.jpg', 'CC'),
(987654321, 'El', 'Profesor', 'asdlsakj@gmail.com', 2, '$2y$10$mihmgW95w2sNT8VAcfonw./D6BxzTK1CEyhKcIHVZ2trA4IjQYwAS', 'Bogota D.C.', '2000-08-20', 'Calle 24', '2030946', 'usuarios/fotos/987654321.jpg', 'CC'),
(1000019673, 'Karen Daniela', 'Lopez Buitrago', 'karenycharlie02@gmail.com', 1, '$2y$10$BDt4O/dpc/1hfras7fa2AeMTHrBp6oX3lZgPpUOIwMPTHy2BdT65i', 'Bogotá D.C.', '2002-01-01', 'Cra 12 bis n 26 a 20 sur', '4452607', 'usuarios/fotos/1000019673.jpg', 'TI'),
(1001185785, 'Jose Eduardo', 'Bermudez Garavito', 'jebermudez587@gmail.com', 1, '$2y$10$/wuqnTG6wptjTtfsGFQdhev2RW4/bhaYf3gY/lmJtPAHF4jYqRrPy', 'Bogota D.C.', '2003-02-24', 'Calle 18 a Sur No. 29B-14', '2030946', 'usuarios/fotos/1001185785.jpg', 'TI'),
(1011095717, 'Jorge Arturo', 'Bermudez Garavito', 'asdasdsa@gmail.com', 1, '$2y$10$cT9CbYJeH5SG07usy8VqVOD282N1KRBHKWylTPPLykUG5uCGvmMcS', 'Bogota D.C.', '2006-08-19', 'Calle 18 a Sur No. 29B-14', '2030946', 'usuarios/fotos/1011095717.jpg', 'TI');

--
-- Índices para tablas volcadas
--

--
-- Indices de la tabla `actividades`
--
ALTER TABLE `actividades`
  ADD PRIMARY KEY (`id`),
  ADD KEY `cursos` (`cursos`);

--
-- Indices de la tabla `answer`
--
ALTER TABLE `answer`
  ADD PRIMARY KEY (`id`),
  ADD KEY `question` (`question`);

--
-- Indices de la tabla `calificaciones`
--
ALTER TABLE `calificaciones`
  ADD PRIMARY KEY (`id`),
  ADD KEY `estudiante` (`estudiante`),
  ADD KEY `curso` (`curso`),
  ADD KEY `actividad` (`actividad`);

--
-- Indices de la tabla `cursos`
--
ALTER TABLE `cursos`
  ADD PRIMARY KEY (`id`),
  ADD KEY `materia` (`materia`),
  ADD KEY `salon` (`salon`);

--
-- Indices de la tabla `datos_institucion`
--
ALTER TABLE `datos_institucion`
  ADD PRIMARY KEY (`id`);

--
-- Indices de la tabla `exam`
--
ALTER TABLE `exam`
  ADD PRIMARY KEY (`id`),
  ADD KEY `curso` (`curso`);

--
-- Indices de la tabla `examscores`
--
ALTER TABLE `examscores`
  ADD PRIMARY KEY (`id`),
  ADD KEY `estudiante` (`estudiante`),
  ADD KEY `examen` (`examen`);

--
-- Indices de la tabla `grado`
--
ALTER TABLE `grado`
  ADD PRIMARY KEY (`id`);

--
-- Indices de la tabla `horario`
--
ALTER TABLE `horario`
  ADD PRIMARY KEY (`id`),
  ADD KEY `salon` (`salon`),
  ADD KEY `lunes` (`lunes`),
  ADD KEY `martes` (`martes`),
  ADD KEY `miercoles` (`miercoles`),
  ADD KEY `jueves` (`jueves`),
  ADD KEY `viernes` (`viernes`);

--
-- Indices de la tabla `materias`
--
ALTER TABLE `materias`
  ADD PRIMARY KEY (`id`);

--
-- Indices de la tabla `multimedia`
--
ALTER TABLE `multimedia`
  ADD PRIMARY KEY (`id`),
  ADD KEY `curso` (`curso`);

--
-- Indices de la tabla `publicaciones`
--
ALTER TABLE `publicaciones`
  ADD PRIMARY KEY (`id`),
  ADD KEY `usuario` (`usuario`),
  ADD KEY `materia` (`materia`);

--
-- Indices de la tabla `question`
--
ALTER TABLE `question`
  ADD PRIMARY KEY (`id`),
  ADD KEY `examen` (`examen`);

--
-- Indices de la tabla `relestudiantepadre`
--
ALTER TABLE `relestudiantepadre`
  ADD PRIMARY KEY (`id`),
  ADD KEY `estudiante` (`estudiante`),
  ADD KEY `padre` (`padre`),
  ADD KEY `madre` (`madre`);

--
-- Indices de la tabla `relestudianteresp`
--
ALTER TABLE `relestudianteresp`
  ADD PRIMARY KEY (`id`),
  ADD KEY `pregunta` (`pregunta`),
  ADD KEY `respuestac` (`respuestac`),
  ADD KEY `estudiante` (`estudiante`);

--
-- Indices de la tabla `relestudiantesalon`
--
ALTER TABLE `relestudiantesalon`
  ADD PRIMARY KEY (`id`),
  ADD KEY `estudiante` (`estudiante`),
  ADD KEY `salon` (`salon`);

--
-- Indices de la tabla `relprofesorcursos`
--
ALTER TABLE `relprofesorcursos`
  ADD PRIMARY KEY (`id`),
  ADD KEY `profesor` (`profesor`),
  ADD KEY `cursos` (`cursos`);

--
-- Indices de la tabla `resp_actividad`
--
ALTER TABLE `resp_actividad`
  ADD PRIMARY KEY (`id`),
  ADD KEY `actividades` (`actividades`),
  ADD KEY `estudiante` (`estudiante`);

--
-- Indices de la tabla `salon`
--
ALTER TABLE `salon`
  ADD PRIMARY KEY (`id`),
  ADD KEY `grado` (`grado`);

--
-- Indices de la tabla `tipo_usuario`
--
ALTER TABLE `tipo_usuario`
  ADD PRIMARY KEY (`id`);

--
-- Indices de la tabla `usuario`
--
ALTER TABLE `usuario`
  ADD PRIMARY KEY (`id`),
  ADD KEY `tipo_usuario` (`tipo_usuario`);

--
-- AUTO_INCREMENT de las tablas volcadas
--

--
-- AUTO_INCREMENT de la tabla `actividades`
--
ALTER TABLE `actividades`
  MODIFY `id` int(11) NOT NULL AUTO_INCREMENT, AUTO_INCREMENT=4;

--
-- AUTO_INCREMENT de la tabla `answer`
--
ALTER TABLE `answer`
  MODIFY `id` int(11) NOT NULL AUTO_INCREMENT, AUTO_INCREMENT=90;

--
-- AUTO_INCREMENT de la tabla `calificaciones`
--
ALTER TABLE `calificaciones`
  MODIFY `id` int(11) NOT NULL AUTO_INCREMENT, AUTO_INCREMENT=5;

--
-- AUTO_INCREMENT de la tabla `cursos`
--
ALTER TABLE `cursos`
  MODIFY `id` int(11) NOT NULL AUTO_INCREMENT, AUTO_INCREMENT=4;

--
-- AUTO_INCREMENT de la tabla `datos_institucion`
--
ALTER TABLE `datos_institucion`
  MODIFY `id` int(11) NOT NULL AUTO_INCREMENT, AUTO_INCREMENT=2;

--
-- AUTO_INCREMENT de la tabla `exam`
--
ALTER TABLE `exam`
  MODIFY `id` int(11) NOT NULL AUTO_INCREMENT, AUTO_INCREMENT=5;

--
-- AUTO_INCREMENT de la tabla `examscores`
--
ALTER TABLE `examscores`
  MODIFY `id` int(11) NOT NULL AUTO_INCREMENT, AUTO_INCREMENT=34;

--
-- AUTO_INCREMENT de la tabla `horario`
--
ALTER TABLE `horario`
  MODIFY `id` int(11) NOT NULL AUTO_INCREMENT, AUTO_INCREMENT=3;

--
-- AUTO_INCREMENT de la tabla `materias`
--
ALTER TABLE `materias`
  MODIFY `id` int(11) NOT NULL AUTO_INCREMENT, AUTO_INCREMENT=3;

--
-- AUTO_INCREMENT de la tabla `multimedia`
--
ALTER TABLE `multimedia`
  MODIFY `id` int(11) NOT NULL AUTO_INCREMENT, AUTO_INCREMENT=6;

--
-- AUTO_INCREMENT de la tabla `publicaciones`
--
ALTER TABLE `publicaciones`
  MODIFY `id` int(11) NOT NULL AUTO_INCREMENT, AUTO_INCREMENT=2;

--
-- AUTO_INCREMENT de la tabla `question`
--
ALTER TABLE `question`
  MODIFY `id` int(11) NOT NULL AUTO_INCREMENT, AUTO_INCREMENT=39;

--
-- AUTO_INCREMENT de la tabla `relestudiantepadre`
--
ALTER TABLE `relestudiantepadre`
  MODIFY `id` int(11) NOT NULL AUTO_INCREMENT, AUTO_INCREMENT=3;

--
-- AUTO_INCREMENT de la tabla `relestudianteresp`
--
ALTER TABLE `relestudianteresp`
  MODIFY `id` int(11) NOT NULL AUTO_INCREMENT, AUTO_INCREMENT=132;

--
-- AUTO_INCREMENT de la tabla `relestudiantesalon`
--
ALTER TABLE `relestudiantesalon`
  MODIFY `id` int(11) NOT NULL AUTO_INCREMENT, AUTO_INCREMENT=4;

--
-- AUTO_INCREMENT de la tabla `relprofesorcursos`
--
ALTER TABLE `relprofesorcursos`
  MODIFY `id` int(11) NOT NULL AUTO_INCREMENT, AUTO_INCREMENT=4;

--
-- AUTO_INCREMENT de la tabla `resp_actividad`
--
ALTER TABLE `resp_actividad`
  MODIFY `id` int(11) NOT NULL AUTO_INCREMENT, AUTO_INCREMENT=2;

--
-- AUTO_INCREMENT de la tabla `salon`
--
ALTER TABLE `salon`
  MODIFY `id` int(11) NOT NULL AUTO_INCREMENT, AUTO_INCREMENT=3;

--
-- Restricciones para tablas volcadas
--

--
-- Filtros para la tabla `actividades`
--
ALTER TABLE `actividades`
  ADD CONSTRAINT `actividades_ibfk_1` FOREIGN KEY (`cursos`) REFERENCES `cursos` (`id`);

--
-- Filtros para la tabla `answer`
--
ALTER TABLE `answer`
  ADD CONSTRAINT `answer_ibfk_1` FOREIGN KEY (`question`) REFERENCES `question` (`id`);

--
-- Filtros para la tabla `calificaciones`
--
ALTER TABLE `calificaciones`
  ADD CONSTRAINT `calificaciones_ibfk_1` FOREIGN KEY (`estudiante`) REFERENCES `usuario` (`id`),
  ADD CONSTRAINT `calificaciones_ibfk_2` FOREIGN KEY (`curso`) REFERENCES `cursos` (`id`),
  ADD CONSTRAINT `calificaciones_ibfk_3` FOREIGN KEY (`actividad`) REFERENCES `actividades` (`id`);

--
-- Filtros para la tabla `cursos`
--
ALTER TABLE `cursos`
  ADD CONSTRAINT `cursos_ibfk_1` FOREIGN KEY (`materia`) REFERENCES `materias` (`id`),
  ADD CONSTRAINT `cursos_ibfk_2` FOREIGN KEY (`salon`) REFERENCES `salon` (`id`);

--
-- Filtros para la tabla `exam`
--
ALTER TABLE `exam`
  ADD CONSTRAINT `exam_ibfk_1` FOREIGN KEY (`curso`) REFERENCES `cursos` (`id`);

--
-- Filtros para la tabla `examscores`
--
ALTER TABLE `examscores`
  ADD CONSTRAINT `examscores_ibfk_1` FOREIGN KEY (`estudiante`) REFERENCES `usuario` (`id`),
  ADD CONSTRAINT `examscores_ibfk_2` FOREIGN KEY (`examen`) REFERENCES `exam` (`id`);

--
-- Filtros para la tabla `horario`
--
ALTER TABLE `horario`
  ADD CONSTRAINT `horario_ibfk_1` FOREIGN KEY (`salon`) REFERENCES `salon` (`id`),
  ADD CONSTRAINT `horario_ibfk_2` FOREIGN KEY (`lunes`) REFERENCES `materias` (`id`),
  ADD CONSTRAINT `horario_ibfk_3` FOREIGN KEY (`martes`) REFERENCES `materias` (`id`),
  ADD CONSTRAINT `horario_ibfk_4` FOREIGN KEY (`miercoles`) REFERENCES `materias` (`id`),
  ADD CONSTRAINT `horario_ibfk_5` FOREIGN KEY (`jueves`) REFERENCES `materias` (`id`),
  ADD CONSTRAINT `horario_ibfk_6` FOREIGN KEY (`viernes`) REFERENCES `materias` (`id`);

--
-- Filtros para la tabla `multimedia`
--
ALTER TABLE `multimedia`
  ADD CONSTRAINT `multimedia_ibfk_1` FOREIGN KEY (`curso`) REFERENCES `cursos` (`id`);

--
-- Filtros para la tabla `publicaciones`
--
ALTER TABLE `publicaciones`
  ADD CONSTRAINT `publicaciones_ibfk_1` FOREIGN KEY (`usuario`) REFERENCES `usuario` (`id`),
  ADD CONSTRAINT `publicaciones_ibfk_2` FOREIGN KEY (`materia`) REFERENCES `cursos` (`id`);

--
-- Filtros para la tabla `question`
--
ALTER TABLE `question`
  ADD CONSTRAINT `question_ibfk_1` FOREIGN KEY (`examen`) REFERENCES `exam` (`id`);

--
-- Filtros para la tabla `relestudiantepadre`
--
ALTER TABLE `relestudiantepadre`
  ADD CONSTRAINT `relestudiantepadre_ibfk_1` FOREIGN KEY (`estudiante`) REFERENCES `usuario` (`id`),
  ADD CONSTRAINT `relestudiantepadre_ibfk_2` FOREIGN KEY (`padre`) REFERENCES `usuario` (`id`),
  ADD CONSTRAINT `relestudiantepadre_ibfk_3` FOREIGN KEY (`madre`) REFERENCES `usuario` (`id`);

--
-- Filtros para la tabla `relestudianteresp`
--
ALTER TABLE `relestudianteresp`
  ADD CONSTRAINT `relestudianteresp_ibfk_1` FOREIGN KEY (`pregunta`) REFERENCES `question` (`id`),
  ADD CONSTRAINT `relestudianteresp_ibfk_2` FOREIGN KEY (`respuestac`) REFERENCES `answer` (`id`),
  ADD CONSTRAINT `relestudianteresp_ibfk_3` FOREIGN KEY (`estudiante`) REFERENCES `usuario` (`id`);

--
-- Filtros para la tabla `relestudiantesalon`
--
ALTER TABLE `relestudiantesalon`
  ADD CONSTRAINT `relestudiantesalon_ibfk_1` FOREIGN KEY (`estudiante`) REFERENCES `usuario` (`id`),
  ADD CONSTRAINT `relestudiantesalon_ibfk_2` FOREIGN KEY (`salon`) REFERENCES `salon` (`id`);

--
-- Filtros para la tabla `relprofesorcursos`
--
ALTER TABLE `relprofesorcursos`
  ADD CONSTRAINT `relprofesorcursos_ibfk_1` FOREIGN KEY (`profesor`) REFERENCES `usuario` (`id`),
  ADD CONSTRAINT `relprofesorcursos_ibfk_2` FOREIGN KEY (`cursos`) REFERENCES `cursos` (`id`);

--
-- Filtros para la tabla `resp_actividad`
--
ALTER TABLE `resp_actividad`
  ADD CONSTRAINT `resp_actividad_ibfk_1` FOREIGN KEY (`actividades`) REFERENCES `actividades` (`id`),
  ADD CONSTRAINT `resp_actividad_ibfk_2` FOREIGN KEY (`estudiante`) REFERENCES `usuario` (`id`);

--
-- Filtros para la tabla `salon`
--
ALTER TABLE `salon`
  ADD CONSTRAINT `salon_ibfk_1` FOREIGN KEY (`grado`) REFERENCES `grado` (`id`);

--
-- Filtros para la tabla `usuario`
--
ALTER TABLE `usuario`
  ADD CONSTRAINT `usuario_ibfk_1` FOREIGN KEY (`tipo_usuario`) REFERENCES `tipo_usuario` (`id`);
COMMIT;

/*!40101 SET CHARACTER_SET_CLIENT=@OLD_CHARACTER_SET_CLIENT */;
/*!40101 SET CHARACTER_SET_RESULTS=@OLD_CHARACTER_SET_RESULTS */;
/*!40101 SET COLLATION_CONNECTION=@OLD_COLLATION_CONNECTION */;
